www.gocharting.com

date,open,high,low,close,volume,open_interest
"Mon Jul 17 2023 13:00:00 GMT+0530 (India Standard Time)","479.4","479.4","349.4","397.95","393","360",
"Mon Jul 17 2023 13:15:00 GMT+0530 (India Standard Time)","369.9","392","338.2","392","525","180",
"Mon Jul 17 2023 13:30:00 GMT+0530 (India Standard Time)","400","400","398","398","30","120",
"Mon Jul 17 2023 14:00:00 GMT+0530 (India Standard Time)","424","424","409.65","409.65","240","345",
"Mon Jul 17 2023 14:15:00 GMT+0530 (India Standard Time)","430.15","436.05","430.15","435","195","510",
"Mon Jul 17 2023 14:30:00 GMT+0530 (India Standard Time)","435","435.55","425.8","435","195","570",
"Mon Jul 17 2023 14:45:00 GMT+0530 (India Standard Time)","464.95","500","464.95","500","690","1125",
"Mon Jul 17 2023 15:00:00 GMT+0530 (India Standard Time)","506.6","627.3","506.6","598.85","720","1095",
"Mon Jul 17 2023 15:15:00 GMT+0530 (India Standard Time)","618.15","622.7","592","607","795","1125",
"Tue Jul 18 2023 09:15:00 GMT+0530 (India Standard Time)","650","851.9","650","840.05","1321","1125",
"Tue Jul 18 2023 09:30:00 GMT+0530 (India Standard Time)","803.8","803.8","732.4","732.4","225","2145",
"Tue Jul 18 2023 09:45:00 GMT+0530 (India Standard Time)","760","760","760","760","75","2160",
"Tue Jul 18 2023 10:00:00 GMT+0530 (India Standard Time)","750.55","759.6","712.6","759.6","390","2160",
"Tue Jul 18 2023 10:15:00 GMT+0530 (India Standard Time)","719.3","775","719.3","764.8","270","2205",
"Tue Jul 18 2023 10:45:00 GMT+0530 (India Standard Time)","737.4","744.1","736.85","744.1","135","2145",
"Tue Jul 18 2023 11:15:00 GMT+0530 (India Standard Time)","792.65","792.65","792.05","792.05","90","2040",
"Tue Jul 18 2023 11:30:00 GMT+0530 (India Standard Time)","763.55","763.55","584.6","584.6","915","1845",
"Tue Jul 18 2023 11:45:00 GMT+0530 (India Standard Time)","590.55","636.25","590.55","611","1185","1740",
"Tue Jul 18 2023 12:00:00 GMT+0530 (India Standard Time)","570.75","584.85","570","570","60","1785",
"Tue Jul 18 2023 12:15:00 GMT+0530 (India Standard Time)","570","570","570","570","15","1815",
"Tue Jul 18 2023 12:30:00 GMT+0530 (India Standard Time)","570","675.25","570","674.35","135","1770",
"Tue Jul 18 2023 12:45:00 GMT+0530 (India Standard Time)","674.35","701.3","674.35","701.3","405","2025",
"Tue Jul 18 2023 13:00:00 GMT+0530 (India Standard Time)","617.2","617.2","612.4","617","435","1710",
"Tue Jul 18 2023 13:15:00 GMT+0530 (India Standard Time)","615.25","673.95","615.25","654.45","480","1830",
"Tue Jul 18 2023 13:30:00 GMT+0530 (India Standard Time)","611.15","646.65","611.15","646.65","675","2475",
"Tue Jul 18 2023 14:00:00 GMT+0530 (India Standard Time)","661.15","661.15","635","635","1860","2685",
"Tue Jul 18 2023 14:15:00 GMT+0530 (India Standard Time)","580","592.4","554.55","592.4","540","4155",
"Tue Jul 18 2023 14:30:00 GMT+0530 (India Standard Time)","590.05","591.4","583.6","588.15","135","4290",
"Tue Jul 18 2023 14:45:00 GMT+0530 (India Standard Time)","566.65","573.3","560.1","566.95","345","4380",
"Tue Jul 18 2023 15:00:00 GMT+0530 (India Standard Time)","610","616","576.75","576.75","480","4875",
"Tue Jul 18 2023 15:15:00 GMT+0530 (India Standard Time)","586.95","612.05","586.95","590.55","1665","5625",
"Wed Jul 19 2023 09:15:00 GMT+0530 (India Standard Time)","647.85","669.1","647.85","669.1","211","5640",
"Wed Jul 19 2023 09:30:00 GMT+0530 (India Standard Time)","669.1","674.2","648.25","656","585","6015",
"Wed Jul 19 2023 09:45:00 GMT+0530 (India Standard Time)","648","675","644.25","675","1920","6105",
"Wed Jul 19 2023 10:00:00 GMT+0530 (India Standard Time)","667.2","681.7","646.65","646.65","2070","5820",
"Wed Jul 19 2023 10:15:00 GMT+0530 (India Standard Time)","662.2","697.55","660.45","688.4","1920","6345",
"Wed Jul 19 2023 10:30:00 GMT+0530 (India Standard Time)","688.4","688.4","663.9","663.9","210","6510",
"Wed Jul 19 2023 10:45:00 GMT+0530 (India Standard Time)","650","650","634.8","637.05","60","6510",
"Wed Jul 19 2023 11:00:00 GMT+0530 (India Standard Time)","638.05","646.35","615.1","615.1","510","6540",
"Wed Jul 19 2023 11:15:00 GMT+0530 (India Standard Time)","609.55","646.15","600","646.15","750","6645",
"Wed Jul 19 2023 11:30:00 GMT+0530 (India Standard Time)","646.15","646.15","630.05","641.55","720","7320",
"Wed Jul 19 2023 11:45:00 GMT+0530 (India Standard Time)","630.1","635.4","622.55","622.55","285","7395",
"Wed Jul 19 2023 12:00:00 GMT+0530 (India Standard Time)","623.25","643.1","623.25","627.8","585","7245",
"Wed Jul 19 2023 12:15:00 GMT+0530 (India Standard Time)","644","644","643.45","643.45","30","7305",
"Wed Jul 19 2023 12:30:00 GMT+0530 (India Standard Time)","665.9","677.3","665.9","677.3","510","7770",
"Wed Jul 19 2023 12:45:00 GMT+0530 (India Standard Time)","678.3","689.6","664.05","688.65","300","7785",
"Wed Jul 19 2023 13:00:00 GMT+0530 (India Standard Time)","685.1","685.1","685.1","685.1","15","7890",
"Wed Jul 19 2023 13:15:00 GMT+0530 (India Standard Time)","700.05","700.05","678.3","678.3","135","8010",
"Wed Jul 19 2023 13:30:00 GMT+0530 (India Standard Time)","667","711","667","699","675","8265",
"Wed Jul 19 2023 13:45:00 GMT+0530 (India Standard Time)","678.55","678.55","678.55","678.55","45","8265",
"Wed Jul 19 2023 14:00:00 GMT+0530 (India Standard Time)","688.65","688.65","686.6","686.6","30","8250",
"Wed Jul 19 2023 14:15:00 GMT+0530 (India Standard Time)","686.6","687.65","661.95","687.65","315","8370",
"Wed Jul 19 2023 14:30:00 GMT+0530 (India Standard Time)","670.1","670.1","644.1","645.6","300","8520",
"Wed Jul 19 2023 14:45:00 GMT+0530 (India Standard Time)","663.4","690","656.1","678.45","405","8670",
"Wed Jul 19 2023 15:00:00 GMT+0530 (India Standard Time)","706","720","693.95","705.7","705","8895",
"Wed Jul 19 2023 15:15:00 GMT+0530 (India Standard Time)","698.05","710","688.75","710","525","8820",
"Thu Jul 20 2023 09:15:00 GMT+0530 (India Standard Time)","700","734.35","690","734.35","316","8790",
"Thu Jul 20 2023 09:30:00 GMT+0530 (India Standard Time)","736.8","740.95","709.35","709.35","1290","9330",
"Thu Jul 20 2023 09:45:00 GMT+0530 (India Standard Time)","709.35","717.5","694.9","717.5","480","9150",
"Thu Jul 20 2023 10:00:00 GMT+0530 (India Standard Time)","717.5","730","686.7","702.85","525","9060",
"Thu Jul 20 2023 10:15:00 GMT+0530 (India Standard Time)","713.45","724.3","713","724.3","120","9045",
"Thu Jul 20 2023 10:30:00 GMT+0530 (India Standard Time)","723.9","733.85","723.05","723.05","165","9105",
"Thu Jul 20 2023 10:45:00 GMT+0530 (India Standard Time)","730","733.7","725.1","728.25","210","9105",
"Thu Jul 20 2023 11:00:00 GMT+0530 (India Standard Time)","714","719.55","714","719.55","300","9285",
"Thu Jul 20 2023 11:15:00 GMT+0530 (India Standard Time)","711.95","716.55","711.95","716.55","105","9375",
"Thu Jul 20 2023 11:30:00 GMT+0530 (India Standard Time)","725","731.7","724.55","731.7","375","9405",
"Thu Jul 20 2023 11:45:00 GMT+0530 (India Standard Time)","715.15","733.8","715","733.8","765","9615",
"Thu Jul 20 2023 12:00:00 GMT+0530 (India Standard Time)","729.25","765","729.25","760","2010","11295",
"Thu Jul 20 2023 12:15:00 GMT+0530 (India Standard Time)","758","765","744.15","765","570","11820",
"Thu Jul 20 2023 12:30:00 GMT+0530 (India Standard Time)","768","785","768","785","135","11865",
"Thu Jul 20 2023 12:45:00 GMT+0530 (India Standard Time)","785.7","785.7","785.7","785.7","120","11895",
"Thu Jul 20 2023 13:00:00 GMT+0530 (India Standard Time)","762.15","790","757.5","779.4","555","11730",
"Thu Jul 20 2023 13:15:00 GMT+0530 (India Standard Time)","816.2","875.65","816.2","858.55","2580","12315",
"Thu Jul 20 2023 13:30:00 GMT+0530 (India Standard Time)","875","890.85","821.55","834.7","2880","11460",
"Thu Jul 20 2023 13:45:00 GMT+0530 (India Standard Time)","844","908.95","834.95","908.95","495","11115",
"Thu Jul 20 2023 14:00:00 GMT+0530 (India Standard Time)","925","1000","925","965","990","11160",
"Thu Jul 20 2023 14:15:00 GMT+0530 (India Standard Time)","990","1024.2","990","1024.2","1395","9990",
"Thu Jul 20 2023 14:45:00 GMT+0530 (India Standard Time)","1024.2","1024.2","890.7","910","540","9675",
"Thu Jul 20 2023 15:00:00 GMT+0530 (India Standard Time)","970","1017.6","970","1017.6","615","9840",
"Thu Jul 20 2023 15:15:00 GMT+0530 (India Standard Time)","995","998","969.55","998","1050","9135",
"Fri Jul 21 2023 09:15:00 GMT+0530 (India Standard Time)","1041.45","1148.95","1038.9","1148.95","406","8460",
"Fri Jul 21 2023 09:30:00 GMT+0530 (India Standard Time)","1091.45","1097.25","966.75","993.05","1035","8280",
"Fri Jul 21 2023 09:45:00 GMT+0530 (India Standard Time)","1037.9","1037.9","1037.9","1037.9","30","8280",
"Fri Jul 21 2023 10:00:00 GMT+0530 (India Standard Time)","1032.95","1032.95","955.3","955.3","75","8280",
"Fri Jul 21 2023 10:15:00 GMT+0530 (India Standard Time)","955.3","955.3","955.3","955.3","15","8280",
"Fri Jul 21 2023 10:30:00 GMT+0530 (India Standard Time)","950","950","950","950","15","8325",
"Fri Jul 21 2023 11:00:00 GMT+0530 (India Standard Time)","950","965.2","950","965.2","60","8340",
"Fri Jul 21 2023 11:15:00 GMT+0530 (India Standard Time)","964.25","986.1","964.25","968.5","150","8325",
"Fri Jul 21 2023 11:30:00 GMT+0530 (India Standard Time)","959.45","959.45","938.25","939.8","120","8310",
"Fri Jul 21 2023 11:45:00 GMT+0530 (India Standard Time)","959.55","971.3","959.55","971.3","45","8280",
"Fri Jul 21 2023 12:00:00 GMT+0530 (India Standard Time)","922.4","922.4","922.4","922.4","30","8280",
"Fri Jul 21 2023 12:15:00 GMT+0530 (India Standard Time)","940.6","940.6","893.7","893.7","375","7995",
"Fri Jul 21 2023 12:30:00 GMT+0530 (India Standard Time)","893.7","893.7","893.7","893.7","30","7980",
"Fri Jul 21 2023 12:45:00 GMT+0530 (India Standard Time)","960.45","960.45","960.45","960.45","120","7965",
"Fri Jul 21 2023 13:00:00 GMT+0530 (India Standard Time)","974.7","974.7","966.2","966.2","90","7905",
"Fri Jul 21 2023 13:15:00 GMT+0530 (India Standard Time)","1010","1018","999.05","999.05","105","7935",
"Fri Jul 21 2023 13:30:00 GMT+0530 (India Standard Time)","1032.8","1071.25","1022.15","1022.15","600","7545",
"Fri Jul 21 2023 13:45:00 GMT+0530 (India Standard Time)","1055","1055","1033.4","1033.4","105","7575",
"Fri Jul 21 2023 14:00:00 GMT+0530 (India Standard Time)","1081.8","1081.8","972.6","1014.2","645","7545",
"Fri Jul 21 2023 14:15:00 GMT+0530 (India Standard Time)","997","1017","961.25","961.25","105","7095",
"Fri Jul 21 2023 14:30:00 GMT+0530 (India Standard Time)","981.35","981.35","951.75","951.75","180","7095",
"Fri Jul 21 2023 14:45:00 GMT+0530 (India Standard Time)","938.85","945.95","905.2","905.2","255","6870",
"Fri Jul 21 2023 15:00:00 GMT+0530 (India Standard Time)","937.75","969","884.15","969","180","6855",
"Fri Jul 21 2023 15:15:00 GMT+0530 (India Standard Time)","979.5","995.8","979.5","992.15","360","6735",
"Mon Jul 24 2023 09:15:00 GMT+0530 (India Standard Time)","900","933.05","900","918.9","511","6795",
"Mon Jul 24 2023 09:30:00 GMT+0530 (India Standard Time)","952.6","956.55","900","900","270","6870",
"Mon Jul 24 2023 09:45:00 GMT+0530 (India Standard Time)","897.85","906","875","891.95","435","6885",
"Mon Jul 24 2023 10:00:00 GMT+0530 (India Standard Time)","915","921.8","910.65","921.8","330","6690",
"Mon Jul 24 2023 10:15:00 GMT+0530 (India Standard Time)","930.5","949.75","917.05","949.75","90","6540",
"Mon Jul 24 2023 10:30:00 GMT+0530 (India Standard Time)","986.05","995.6","986.05","993.7","165","6510",
"Mon Jul 24 2023 11:00:00 GMT+0530 (India Standard Time)","963.4","963.4","950","960","135","6390",
"Mon Jul 24 2023 11:30:00 GMT+0530 (India Standard Time)","973.8","973.8","880","880","165","6390",
"Mon Jul 24 2023 11:45:00 GMT+0530 (India Standard Time)","855.75","861.65","794.95","794.95","510","6615",
"Mon Jul 24 2023 12:00:00 GMT+0530 (India Standard Time)","794.95","826.75","794.95","826.75","105","6615",
"Mon Jul 24 2023 12:45:00 GMT+0530 (India Standard Time)","860","895.3","860","895.3","60","6585",
"Mon Jul 24 2023 13:00:00 GMT+0530 (India Standard Time)","919.35","919.35","869.95","870","210","6570",
"Mon Jul 24 2023 13:15:00 GMT+0530 (India Standard Time)","898.2","919.35","898.2","908.95","105","6390",
"Mon Jul 24 2023 13:30:00 GMT+0530 (India Standard Time)","871.8","871.8","863.5","863.5","90","6405",
"Mon Jul 24 2023 13:45:00 GMT+0530 (India Standard Time)","870","870","870","870","15","6435",
"Mon Jul 24 2023 14:15:00 GMT+0530 (India Standard Time)","850","867.6","850","867.6","75","6435",
"Mon Jul 24 2023 14:30:00 GMT+0530 (India Standard Time)","870","883.55","863.65","873.9","600","6645",
"Mon Jul 24 2023 15:00:00 GMT+0530 (India Standard Time)","826.8","845","806","821.5","180","6645",
"Mon Jul 24 2023 15:15:00 GMT+0530 (India Standard Time)","866.15","866.15","835.2","841.4","105","6615",
"Tue Jul 25 2023 09:15:00 GMT+0530 (India Standard Time)","858.3","858.3","850","850","91","6615",
"Tue Jul 25 2023 09:30:00 GMT+0530 (India Standard Time)","850","860","842.9","842.9","120","6600",
"Tue Jul 25 2023 09:45:00 GMT+0530 (India Standard Time)","845.95","845.95","845.95","845.95","30","6630",
"Tue Jul 25 2023 10:00:00 GMT+0530 (India Standard Time)","832.05","832.05","832.05","832.05","45","6630",
"Tue Jul 25 2023 10:15:00 GMT+0530 (India Standard Time)","856.35","856.35","809.85","813","525","6450",
"Tue Jul 25 2023 10:30:00 GMT+0530 (India Standard Time)","808.6","808.6","808.6","808.6","15","6420",
"Tue Jul 25 2023 10:45:00 GMT+0530 (India Standard Time)","808.6","808.6","789.75","790.2","360","6435",
"Tue Jul 25 2023 11:00:00 GMT+0530 (India Standard Time)","787.7","787.7","765.8","785","150","6435",
"Tue Jul 25 2023 11:30:00 GMT+0530 (India Standard Time)","772.35","772.35","750","750","375","6435",
"Tue Jul 25 2023 11:45:00 GMT+0530 (India Standard Time)","749.25","749.25","722.4","745.9","795","6240",
"Tue Jul 25 2023 12:00:00 GMT+0530 (India Standard Time)","728.8","747","728.8","747","525","5970",
"Tue Jul 25 2023 12:15:00 GMT+0530 (India Standard Time)","754.45","769.2","753.05","766.25","255","5565",
"Tue Jul 25 2023 12:30:00 GMT+0530 (India Standard Time)","775","782","775","782","165","5445",
"Tue Jul 25 2023 12:45:00 GMT+0530 (India Standard Time)","782","782","778.15","778.15","180","5415",
"Tue Jul 25 2023 13:00:00 GMT+0530 (India Standard Time)","744.45","745.05","739.25","739.25","120","5385",
"Tue Jul 25 2023 13:15:00 GMT+0530 (India Standard Time)","723.05","723.05","675.3","695","2535","5400",
"Tue Jul 25 2023 13:30:00 GMT+0530 (India Standard Time)","696.55","698.85","642.45","660.7","2040","6255",
"Tue Jul 25 2023 13:45:00 GMT+0530 (India Standard Time)","667.25","688.05","647.8","670.4","1440","6870",
"Tue Jul 25 2023 14:00:00 GMT+0530 (India Standard Time)","676.4","685","663.2","682.5","840","6540",
"Tue Jul 25 2023 14:15:00 GMT+0530 (India Standard Time)","678.65","727.7","678.65","716","1320","6480",
"Tue Jul 25 2023 14:30:00 GMT+0530 (India Standard Time)","716","771.4","709.75","771.4","495","6360",
"Tue Jul 25 2023 14:45:00 GMT+0530 (India Standard Time)","747.15","794.4","737.75","775","1485","6765",
"Tue Jul 25 2023 15:00:00 GMT+0530 (India Standard Time)","794.25","798.65","737.1","754.4","870","6765",
"Tue Jul 25 2023 15:15:00 GMT+0530 (India Standard Time)","757.45","789.65","757.45","758.4","1305","6120",
"Wed Jul 26 2023 09:15:00 GMT+0530 (India Standard Time)","759.65","781.35","731.3","771.4","1171","6030",
"Wed Jul 26 2023 09:30:00 GMT+0530 (India Standard Time)","764.45","764.45","735","735","1965","6705",
"Wed Jul 26 2023 09:45:00 GMT+0530 (India Standard Time)","750","773.5","747.4","765.05","1425","6735",
"Wed Jul 26 2023 10:00:00 GMT+0530 (India Standard Time)","775.65","815","773.15","815","945","6600",
"Wed Jul 26 2023 10:15:00 GMT+0530 (India Standard Time)","815","815","787.75","800.7","510","6840",
"Wed Jul 26 2023 10:30:00 GMT+0530 (India Standard Time)","803.25","819.2","794.75","794.75","765","6975",
"Wed Jul 26 2023 10:45:00 GMT+0530 (India Standard Time)","800","800","768.45","768.45","810","6870",
"Wed Jul 26 2023 11:00:00 GMT+0530 (India Standard Time)","768","772.85","765","770.05","750","7425",
"Wed Jul 26 2023 11:15:00 GMT+0530 (India Standard Time)","764","781.9","752.5","781","1770","7845",
"Wed Jul 26 2023 11:30:00 GMT+0530 (India Standard Time)","769.35","790.4","769.35","784","2295","8370",
"Wed Jul 26 2023 11:45:00 GMT+0530 (India Standard Time)","775.5","798.35","775.5","793.3","270","7875",
"Wed Jul 26 2023 12:00:00 GMT+0530 (India Standard Time)","793.85","804.1","791.65","804","630","7785",
"Wed Jul 26 2023 12:15:00 GMT+0530 (India Standard Time)","804.7","809.15","782.9","806.95","630","7695",
"Wed Jul 26 2023 12:30:00 GMT+0530 (India Standard Time)","806.4","820","789.5","789.5","3945","9765",
"Wed Jul 26 2023 12:45:00 GMT+0530 (India Standard Time)","818.6","830","801.9","805","1200","9930",
"Wed Jul 26 2023 13:00:00 GMT+0530 (India Standard Time)","791.55","808.3","790.65","796.45","990","10185",
"Wed Jul 26 2023 13:15:00 GMT+0530 (India Standard Time)","810.55","842.9","810.55","832.6","1170","10020",
"Wed Jul 26 2023 13:30:00 GMT+0530 (India Standard Time)","828.3","830","822.6","830","450","10050",
"Wed Jul 26 2023 13:45:00 GMT+0530 (India Standard Time)","835","835","792.2","823","1980","10170",
"Wed Jul 26 2023 14:00:00 GMT+0530 (India Standard Time)","827.2","847","815","822.6","1710","9810",
"Wed Jul 26 2023 14:15:00 GMT+0530 (India Standard Time)","831","868","831","862","990","9300",
"Wed Jul 26 2023 14:30:00 GMT+0530 (India Standard Time)","862","863.15","820","830","915","9735",
"Wed Jul 26 2023 14:45:00 GMT+0530 (India Standard Time)","816.3","820","783.75","820","825","9780",
"Wed Jul 26 2023 15:00:00 GMT+0530 (India Standard Time)","840","846.8","835","846.8","555","9435",
"Wed Jul 26 2023 15:15:00 GMT+0530 (India Standard Time)","842.9","848.25","840","848","915","9195",
"Thu Jul 27 2023 09:15:00 GMT+0530 (India Standard Time)","926.05","967.75","926.05","947","916","8610",
"Thu Jul 27 2023 09:30:00 GMT+0530 (India Standard Time)","959.95","975.85","959.95","961.05","960","7845",
"Thu Jul 27 2023 09:45:00 GMT+0530 (India Standard Time)","962","970.85","943.45","946.35","615","7830",
"Thu Jul 27 2023 10:00:00 GMT+0530 (India Standard Time)","941.6","952.9","941.6","952.9","150","7785",
"Thu Jul 27 2023 10:15:00 GMT+0530 (India Standard Time)","971.95","1012.3","971.95","998","630","7650",
"Thu Jul 27 2023 10:30:00 GMT+0530 (India Standard Time)","1010.4","1010.4","960","967.6","435","7725",
"Thu Jul 27 2023 10:45:00 GMT+0530 (India Standard Time)","965","980.4","891.55","891.55","600","7845",
"Thu Jul 27 2023 11:00:00 GMT+0530 (India Standard Time)","879","890.95","860.95","888","1485","7995",
"Thu Jul 27 2023 11:15:00 GMT+0530 (India Standard Time)","842.8","842.8","770","770","2850","8685",
"Thu Jul 27 2023 11:30:00 GMT+0530 (India Standard Time)","770","799.95","770","780","1125","8730",
"Thu Jul 27 2023 11:45:00 GMT+0530 (India Standard Time)","783.6","794.8","737.05","780.05","2865","8850",
"Thu Jul 27 2023 12:00:00 GMT+0530 (India Standard Time)","784","789.45","747.95","747.95","1230","8460",
"Thu Jul 27 2023 12:15:00 GMT+0530 (India Standard Time)","755","764.15","729","760.3","2010","9735",
"Thu Jul 27 2023 12:30:00 GMT+0530 (India Standard Time)","744.95","745","709.75","736.95","4350","11220",
"Thu Jul 27 2023 12:45:00 GMT+0530 (India Standard Time)","737","750.55","722.5","725.05","2745","9540",
"Thu Jul 27 2023 13:00:00 GMT+0530 (India Standard Time)","733","753.9","699","753.9","3135","10830",
"Thu Jul 27 2023 13:15:00 GMT+0530 (India Standard Time)","748.95","776","710","710","3780","11325",
"Thu Jul 27 2023 13:30:00 GMT+0530 (India Standard Time)","710","732.55","694.9","723.85","8835","13815",
"Thu Jul 27 2023 13:45:00 GMT+0530 (India Standard Time)","719.5","741.05","710","725","18870","16455",
"Thu Jul 27 2023 14:00:00 GMT+0530 (India Standard Time)","716.05","743.05","705.5","740.4","4740","14925",
"Thu Jul 27 2023 14:15:00 GMT+0530 (India Standard Time)","735","744.6","698.55","709.8","6795","17715",
"Thu Jul 27 2023 14:30:00 GMT+0530 (India Standard Time)","709.25","714.75","641.85","664.95","12435","21255",
"Thu Jul 27 2023 14:45:00 GMT+0530 (India Standard Time)","672.95","681.9","614.25","634","16005","26760",
"Thu Jul 27 2023 15:00:00 GMT+0530 (India Standard Time)","635","679.05","635","679.05","14430","32175",
"Thu Jul 27 2023 15:15:00 GMT+0530 (India Standard Time)","677.95","704.25","674.4","702","8295","34530",
"Fri Jul 28 2023 09:15:00 GMT+0530 (India Standard Time)","505.4","637","451","454.4","131971","64500",
"Fri Jul 28 2023 09:30:00 GMT+0530 (India Standard Time)","451.95","483.05","450","471.35","59715","75495",
"Fri Jul 28 2023 09:45:00 GMT+0530 (India Standard Time)","471.55","494.45","455.9","477.85","50580","89055",
"Fri Jul 28 2023 10:00:00 GMT+0530 (India Standard Time)","478","481.95","447.15","457.55","31635","92550",
"Fri Jul 28 2023 10:15:00 GMT+0530 (India Standard Time)","456.4","468","423","454.75","39135","101610",
"Fri Jul 28 2023 10:30:00 GMT+0530 (India Standard Time)","450.05","471.35","450.05","463.45","26430","99285",
"Fri Jul 28 2023 10:45:00 GMT+0530 (India Standard Time)","464.3","488.85","452.6","456.45","22305","99300",
"Fri Jul 28 2023 11:00:00 GMT+0530 (India Standard Time)","459.2","478.3","454.7","454.7","16455","99825",
"Fri Jul 28 2023 11:15:00 GMT+0530 (India Standard Time)","453.05","459","433.8","445","25350","105645",
"Fri Jul 28 2023 11:30:00 GMT+0530 (India Standard Time)","446.9","461.2","426.5","428.4","22935","109140",
"Fri Jul 28 2023 11:45:00 GMT+0530 (India Standard Time)","427.65","443.6","418.8","439.8","31620","118065",
"Fri Jul 28 2023 12:00:00 GMT+0530 (India Standard Time)","439.45","439.45","415","430.5","33480","120855",
"Fri Jul 28 2023 12:15:00 GMT+0530 (India Standard Time)","433.9","440.15","407","438.3","31800","131610",
"Fri Jul 28 2023 12:30:00 GMT+0530 (India Standard Time)","443.3","446.55","426.8","439","31020","137160",
"Fri Jul 28 2023 12:45:00 GMT+0530 (India Standard Time)","438.85","439.95","406.95","424.7","22665","143385",
"Fri Jul 28 2023 13:00:00 GMT+0530 (India Standard Time)","420","425.55","411.35","421.95","58860","184395",
"Fri Jul 28 2023 13:15:00 GMT+0530 (India Standard Time)","421.2","422.2","385.75","401.45","32580","195420",
"Fri Jul 28 2023 13:30:00 GMT+0530 (India Standard Time)","400.5","404","366","369.6","35805","203265",
"Fri Jul 28 2023 13:45:00 GMT+0530 (India Standard Time)","369.6","385.6","367.6","385.6","28230","216870",
"Fri Jul 28 2023 14:00:00 GMT+0530 (India Standard Time)","385.25","405","375","399.7","18735","215490",
"Fri Jul 28 2023 14:15:00 GMT+0530 (India Standard Time)","396.3","416.3","390.6","406.45","36690","215460",
"Fri Jul 28 2023 14:30:00 GMT+0530 (India Standard Time)","406","410","376","403.9","72975","228210",
"Fri Jul 28 2023 14:45:00 GMT+0530 (India Standard Time)","399.75","437.05","399.75","431.7","77040","230580",
"Fri Jul 28 2023 15:00:00 GMT+0530 (India Standard Time)","432.85","467.55","429.4","456.75","72735","223890",
"Fri Jul 28 2023 15:15:00 GMT+0530 (India Standard Time)","457.6","463.2","435.2","453.95","78195","209385",
"Mon Jul 31 2023 09:15:00 GMT+0530 (India Standard Time)","500","517","396.6","425.8","92852","240180",
"Mon Jul 31 2023 09:30:00 GMT+0530 (India Standard Time)","418.9","433.4","404.7","412.65","77460","273315",
"Mon Jul 31 2023 09:45:00 GMT+0530 (India Standard Time)","411.25","448.2","404.8","440.8","62670","272640",
"Mon Jul 31 2023 10:00:00 GMT+0530 (India Standard Time)","440.9","450.75","431.65","439","45765","277170",
"Mon Jul 31 2023 10:15:00 GMT+0530 (India Standard Time)","440","458.1","418.4","444.95","45705","282870",
"Mon Jul 31 2023 10:30:00 GMT+0530 (India Standard Time)","445.55","452","421.6","446.85","46980","291975",
"Mon Jul 31 2023 10:45:00 GMT+0530 (India Standard Time)","448.65","469.9","444","466.7","60210","298185",
"Mon Jul 31 2023 11:00:00 GMT+0530 (India Standard Time)","466.65","476.5","456.85","457.7","37995","304545",
"Mon Jul 31 2023 11:15:00 GMT+0530 (India Standard Time)","457.8","471.65","450.8","469.25","34140","310335",
"Mon Jul 31 2023 11:30:00 GMT+0530 (India Standard Time)","470.5","472","456.55","464.05","26475","312315",
"Mon Jul 31 2023 11:45:00 GMT+0530 (India Standard Time)","463","469.9","445.9","453","40410","319320",
"Mon Jul 31 2023 12:00:00 GMT+0530 (India Standard Time)","452.2","464","443.25","459.35","19650","324315",
"Mon Jul 31 2023 12:15:00 GMT+0530 (India Standard Time)","460.5","464.85","428.65","435.3","69045","320520",
"Mon Jul 31 2023 12:30:00 GMT+0530 (India Standard Time)","436.5","447.3","426.2","437.95","44655","328365",
"Mon Jul 31 2023 12:45:00 GMT+0530 (India Standard Time)","437.65","464.8","433.8","458.55","36180","331320",
"Mon Jul 31 2023 13:00:00 GMT+0530 (India Standard Time)","458.25","474.75","450","470.05","43515","335625",
"Mon Jul 31 2023 13:15:00 GMT+0530 (India Standard Time)","470.85","487","466","474.75","49290","337680",
"Mon Jul 31 2023 13:30:00 GMT+0530 (India Standard Time)","475.8","488.55","469.35","471.9","26880","337050",
"Mon Jul 31 2023 13:45:00 GMT+0530 (India Standard Time)","471.95","484.05","457.6","467.1","24270","334455",
"Mon Jul 31 2023 14:00:00 GMT+0530 (India Standard Time)","466","499.5","466","476.95","52845","332535",
"Mon Jul 31 2023 14:15:00 GMT+0530 (India Standard Time)","478","495.6","478","486.4","34005","329400",
"Mon Jul 31 2023 14:30:00 GMT+0530 (India Standard Time)","487.55","501.1","485.8","489.05","31905","323055",
"Mon Jul 31 2023 14:45:00 GMT+0530 (India Standard Time)","487.8","491.65","465.65","487.65","48585","320670",
"Mon Jul 31 2023 15:00:00 GMT+0530 (India Standard Time)","487.65","510","481","495.25","63480","327465",
"Mon Jul 31 2023 15:15:00 GMT+0530 (India Standard Time)","491.55","499.3","484.55","493","51195","318420",
"Tue Aug 01 2023 09:15:00 GMT+0530 (India Standard Time)","505.05","530.5","481.1","501.4","66661","311280",
"Tue Aug 01 2023 09:30:00 GMT+0530 (India Standard Time)","498.85","512.9","475.05","487.7","37890","316035",
"Tue Aug 01 2023 09:45:00 GMT+0530 (India Standard Time)","488.85","500.45","480","481.05","23745","315630",
"Tue Aug 01 2023 10:00:00 GMT+0530 (India Standard Time)","481.6","494","472.5","487","20925","316530",
"Tue Aug 01 2023 10:15:00 GMT+0530 (India Standard Time)","488.7","490","460","472.2","21990","319035",
"Tue Aug 01 2023 10:30:00 GMT+0530 (India Standard Time)","470.75","471.4","429.2","436.9","41865","320385",
"Tue Aug 01 2023 10:45:00 GMT+0530 (India Standard Time)","436","438.8","416","436","46815","325545",
"Tue Aug 01 2023 11:00:00 GMT+0530 (India Standard Time)","436.25","437.15","415.25","426.3","38700","334155",
"Tue Aug 01 2023 11:15:00 GMT+0530 (India Standard Time)","424.95","427","406.05","424.15","33840","332685",
"Tue Aug 01 2023 11:30:00 GMT+0530 (India Standard Time)","423.05","429.5","407.5","428.45","33870","336135",
"Tue Aug 01 2023 11:45:00 GMT+0530 (India Standard Time)","428.45","432.45","415.95","424.9","26610","335490",
"Tue Aug 01 2023 12:00:00 GMT+0530 (India Standard Time)","421.45","427.25","401.3","408.9","37470","336480",
"Tue Aug 01 2023 12:15:00 GMT+0530 (India Standard Time)","408","411.35","383","385.2","61920","348930",
"Tue Aug 01 2023 12:30:00 GMT+0530 (India Standard Time)","386.9","392.4","357.5","367","117015","384180",
"Tue Aug 01 2023 12:45:00 GMT+0530 (India Standard Time)","367.45","380.4","363.15","376.7","106140","399705",
"Tue Aug 01 2023 13:00:00 GMT+0530 (India Standard Time)","375.9","392.1","368.05","392.1","56985","411345",
"Tue Aug 01 2023 13:15:00 GMT+0530 (India Standard Time)","391.2","403.85","386","403.85","83790","418770",
"Tue Aug 01 2023 13:30:00 GMT+0530 (India Standard Time)","403.35","428","400.25","402.45","97425","419220",
"Tue Aug 01 2023 13:45:00 GMT+0530 (India Standard Time)","402.55","419.2","376.2","377.15","59910","431010",
"Tue Aug 01 2023 14:00:00 GMT+0530 (India Standard Time)","375","384.25","366.75","374.5","69810","450270",
"Tue Aug 01 2023 14:15:00 GMT+0530 (India Standard Time)","373","411","371","408.55","78210","460950",
"Tue Aug 01 2023 14:30:00 GMT+0530 (India Standard Time)","407","427.25","398.4","420.1","74175","454545",
"Tue Aug 01 2023 14:45:00 GMT+0530 (India Standard Time)","418","421.8","396.85","407.55","76830","455025",
"Tue Aug 01 2023 15:00:00 GMT+0530 (India Standard Time)","409.9","420.8","385.75","394.8","86880","454395",
"Tue Aug 01 2023 15:15:00 GMT+0530 (India Standard Time)","395","412.8","392.75","402.4","96390","446280",
"Wed Aug 02 2023 09:15:00 GMT+0530 (India Standard Time)","225.55","312.25","225.55","245.25","383253","521160",
"Wed Aug 02 2023 09:30:00 GMT+0530 (India Standard Time)","244.35","258","241.1","243.55","161190","557925",
"Wed Aug 02 2023 09:45:00 GMT+0530 (India Standard Time)","243.95","254.45","240","252.5","118560","569145",
"Wed Aug 02 2023 10:00:00 GMT+0530 (India Standard Time)","253.3","257.55","234.4","234.95","100620","587475",
"Wed Aug 02 2023 10:15:00 GMT+0530 (India Standard Time)","235.45","236.65","221.05","224.5","146730","625200",
"Wed Aug 02 2023 10:30:00 GMT+0530 (India Standard Time)","224.4","224.45","202","206.6","237720","690075",
"Wed Aug 02 2023 10:45:00 GMT+0530 (India Standard Time)","206.55","206.55","196.1","200.85","154275","694050",
"Wed Aug 02 2023 11:00:00 GMT+0530 (India Standard Time)","201","201.55","172.75","181.5","349965","757110",
"Wed Aug 02 2023 11:15:00 GMT+0530 (India Standard Time)","182.85","183.7","172.35","174.6","155640","725625",
"Wed Aug 02 2023 11:30:00 GMT+0530 (India Standard Time)","174.65","177.05","163.55","177.05","146160","722820",
"Wed Aug 02 2023 11:45:00 GMT+0530 (India Standard Time)","177.05","178.05","167.8","171.05","92745","737160",
"Wed Aug 02 2023 12:00:00 GMT+0530 (India Standard Time)","170.65","178.65","167.7","176.8","106800","742860",
"Wed Aug 02 2023 12:15:00 GMT+0530 (India Standard Time)","176.65","178","170.35","172.75","48630","750300",
"Wed Aug 02 2023 12:30:00 GMT+0530 (India Standard Time)","173.25","182.7","172.8","180.3","85320","750525",
"Wed Aug 02 2023 12:45:00 GMT+0530 (India Standard Time)","180.05","183.15","157.15","158.8","143460","756900",
"Wed Aug 02 2023 13:00:00 GMT+0530 (India Standard Time)","158.7","164.55","146","146","124995","791055",
"Wed Aug 02 2023 13:15:00 GMT+0530 (India Standard Time)","146.25","150.7","136.9","138.5","270135","850440",
"Wed Aug 02 2023 13:30:00 GMT+0530 (India Standard Time)","139.3","142.35","123","125.2","235260","869385",
"Wed Aug 02 2023 13:45:00 GMT+0530 (India Standard Time)","125.45","127.8","116.65","117.45","313035","888615",
"Wed Aug 02 2023 14:00:00 GMT+0530 (India Standard Time)","118.4","124.05","110.1","111.3","178965","901575",
"Wed Aug 02 2023 14:15:00 GMT+0530 (India Standard Time)","110.55","115.75","106.4","112.5","282030","885825",
"Wed Aug 02 2023 14:30:00 GMT+0530 (India Standard Time)","112.45","122.25","112.3","118.8","179475","888750",
"Wed Aug 02 2023 14:45:00 GMT+0530 (India Standard Time)","118.35","129.65","115.9","127.1","195960","863745",
"Wed Aug 02 2023 15:00:00 GMT+0530 (India Standard Time)","127.7","144.8","124.35","144.05","244290","833340",
"Wed Aug 02 2023 15:15:00 GMT+0530 (India Standard Time)","145","162.5","138.85","146.35","337635","799920",
"Thu Aug 03 2023 09:15:00 GMT+0530 (India Standard Time)","135","158.75","96.85","134.25","582256","882045",
"Thu Aug 03 2023 09:30:00 GMT+0530 (India Standard Time)","135.15","141.85","118.25","125.7","274320","902010",
"Thu Aug 03 2023 09:45:00 GMT+0530 (India Standard Time)","125.55","135.2","119.5","123.9","160425","923625",
"Thu Aug 03 2023 10:00:00 GMT+0530 (India Standard Time)","123.3","124.15","98.85","102.1","337515","962055",
"Thu Aug 03 2023 10:15:00 GMT+0530 (India Standard Time)","102","107.2","92.7","101.25","224625","978075",
"Thu Aug 03 2023 10:30:00 GMT+0530 (India Standard Time)","101","102.85","94.45","95.2","116100","1005900",
"Thu Aug 03 2023 10:45:00 GMT+0530 (India Standard Time)","95","102.35","88.7","96.25","187650","1030455",
"Thu Aug 03 2023 11:00:00 GMT+0530 (India Standard Time)","96.5","105.6","91.85","97.7","177840","1043070",
"Thu Aug 03 2023 11:15:00 GMT+0530 (India Standard Time)","97.05","98.8","90.5","95.05","106260","1049700",
"Thu Aug 03 2023 11:30:00 GMT+0530 (India Standard Time)","95.05","99.65","90.65","94.95","121215","1043220",
"Thu Aug 03 2023 11:45:00 GMT+0530 (India Standard Time)","95.05","95.8","86.4","92.55","152700","1023975",
"Thu Aug 03 2023 12:00:00 GMT+0530 (India Standard Time)","92.65","95.3","80.85","81","183675","1031025",
"Thu Aug 03 2023 12:15:00 GMT+0530 (India Standard Time)","79.9","80.65","65","67.2","433710","1000275",
"Thu Aug 03 2023 12:30:00 GMT+0530 (India Standard Time)","67.1","69.5","63","67","313770","980415",
"Thu Aug 03 2023 12:45:00 GMT+0530 (India Standard Time)","66.55","67.4","58.1","61.2","364470","959445",
"Thu Aug 03 2023 13:00:00 GMT+0530 (India Standard Time)","61.15","63.85","58.2","61","299850","998325",
"Thu Aug 03 2023 13:15:00 GMT+0530 (India Standard Time)","60.95","63","54.5","57.15","212325","1018125",
"Thu Aug 03 2023 13:30:00 GMT+0530 (India Standard Time)","57.2","60.8","54.8","57.65","243750","991515",
"Thu Aug 03 2023 13:45:00 GMT+0530 (India Standard Time)","58.05","58.15","47.15","47.75","398175","1022625",
"Thu Aug 03 2023 14:00:00 GMT+0530 (India Standard Time)","48.15","52.45","42.65","44.8","398640","1039335",
"Thu Aug 03 2023 14:15:00 GMT+0530 (India Standard Time)","44.75","51.3","44.05","50.75","236385","1052370",
"Thu Aug 03 2023 14:30:00 GMT+0530 (India Standard Time)","50.05","54.35","48","49.25","365640","1080645",
"Thu Aug 03 2023 14:45:00 GMT+0530 (India Standard Time)","49.75","50.35","39.45","45.4","471450","1091040",
"Thu Aug 03 2023 15:00:00 GMT+0530 (India Standard Time)","45.75","48","40.2","47.1","842070","1229865",
"Thu Aug 03 2023 15:15:00 GMT+0530 (India Standard Time)","47.2","47.8","43.95","44.05","1265415","1500510",
"Fri Aug 04 2023 09:15:00 GMT+0530 (India Standard Time)","52.5","62.8","45.75","48.8","2475513","1895520",
"Fri Aug 04 2023 09:30:00 GMT+0530 (India Standard Time)","48.45","48.7","35.35","35.8","1916865","1850205",
"Fri Aug 04 2023 09:45:00 GMT+0530 (India Standard Time)","35.7","39.9","34.7","38.4","1120530","1877415",
"Fri Aug 04 2023 10:00:00 GMT+0530 (India Standard Time)","38.15","45.1","36.5","45","1149720","2056305",
"Fri Aug 04 2023 10:15:00 GMT+0530 (India Standard Time)","45.05","45.5","42.25","43","600780","2059995",
"Fri Aug 04 2023 10:30:00 GMT+0530 (India Standard Time)","43.25","53.8","40.3","53.8","1007130","2056065",
"Fri Aug 04 2023 10:45:00 GMT+0530 (India Standard Time)","55","55","48.1","53.4","949530","2048430",
"Fri Aug 04 2023 11:00:00 GMT+0530 (India Standard Time)","53.75","79.4","53.3","73.4","2637930","2102325",
"Fri Aug 04 2023 11:15:00 GMT+0530 (India Standard Time)","73.75","127.5","73.2","123.2","4730985","2166105",
"Fri Aug 04 2023 11:30:00 GMT+0530 (India Standard Time)","123.95","129.7","108.4","118.45","2969820","2276745",
"Fri Aug 04 2023 11:45:00 GMT+0530 (India Standard Time)","118.55","136.3","113.9","117.2","2587335","2315730",
"Fri Aug 04 2023 12:00:00 GMT+0530 (India Standard Time)","117.95","122.3","101.3","120.4","1882650","2363940",
"Fri Aug 04 2023 12:15:00 GMT+0530 (India Standard Time)","120.7","124","110.2","111.65","1185360","2401950",
"Fri Aug 04 2023 12:30:00 GMT+0530 (India Standard Time)","112","112","79.15","99.1","3351210","2330505",
"Fri Aug 04 2023 12:45:00 GMT+0530 (India Standard Time)","98.55","107.45","85.6","87.2","1739175","2306520",
"Fri Aug 04 2023 13:00:00 GMT+0530 (India Standard Time)","87.45","94.9","76.7","77.7","1371435","2339355",
"Fri Aug 04 2023 13:15:00 GMT+0530 (India Standard Time)","76.8","88.35","61.85","64.5","3288750","2673105",
"Fri Aug 04 2023 13:30:00 GMT+0530 (India Standard Time)","64.35","67.5","44.2","60.95","3659970","2682240",
"Fri Aug 04 2023 13:45:00 GMT+0530 (India Standard Time)","61.5","61.5","47.25","48.8","1902435","2826210",
"Fri Aug 04 2023 14:00:00 GMT+0530 (India Standard Time)","48.6","57.95","47","56.7","1901175","2865945",
"Fri Aug 04 2023 14:15:00 GMT+0530 (India Standard Time)","56.7","65.35","51.65","55.75","2300445","3087780",
"Fri Aug 04 2023 14:30:00 GMT+0530 (India Standard Time)","56.8","75.45","54.25","65.75","2111820","3126585",
"Fri Aug 04 2023 14:45:00 GMT+0530 (India Standard Time)","65.85","74.65","57.35","68.65","3451770","2960835",
"Fri Aug 04 2023 15:00:00 GMT+0530 (India Standard Time)","69.65","77.75","52","69.5","3347970","2562600",
"Fri Aug 04 2023 15:15:00 GMT+0530 (India Standard Time)","69.3","71.75","58.7","60","2735730","2248995",
"Mon Aug 07 2023 09:15:00 GMT+0530 (India Standard Time)","59","72.55","50.45","54.9","3656148","2548215",
"Mon Aug 07 2023 09:30:00 GMT+0530 (India Standard Time)","54.1","68.95","45.4","67.85","3805050","2422725",
"Mon Aug 07 2023 09:45:00 GMT+0530 (India Standard Time)","68.15","76.05","52.65","56.55","2513385","2516805",
"Mon Aug 07 2023 10:00:00 GMT+0530 (India Standard Time)","57.3","61","48.4","58.85","1838040","2655645",
"Mon Aug 07 2023 10:15:00 GMT+0530 (India Standard Time)","58.9","67.25","52.8","63.45","1197480","2654160",
"Mon Aug 07 2023 10:30:00 GMT+0530 (India Standard Time)","63.25","64.85","55.75","58.3","1032030","2709345",
"Mon Aug 07 2023 10:45:00 GMT+0530 (India Standard Time)","58.6","59.1","44.05","46.6","2249235","2746095",
"Mon Aug 07 2023 11:00:00 GMT+0530 (India Standard Time)","46.1","47.6","43.2","45.25","1305690","2842920",
"Mon Aug 07 2023 11:15:00 GMT+0530 (India Standard Time)","45","53.9","44.2","52","1436475","2947815",
"Mon Aug 07 2023 11:30:00 GMT+0530 (India Standard Time)","51.8","52.4","43.75","49.55","1238820","2925135",
"Mon Aug 07 2023 11:45:00 GMT+0530 (India Standard Time)","49.55","52.9","45.55","48.05","1102380","2981625",
"Mon Aug 07 2023 12:00:00 GMT+0530 (India Standard Time)","47.85","51.35","44.35","47.2","910680","3002220",
"Mon Aug 07 2023 12:15:00 GMT+0530 (India Standard Time)","47.25","52.05","45.3","52.05","876660","3019635",
"Mon Aug 07 2023 12:30:00 GMT+0530 (India Standard Time)","53.4","55.95","45.35","47.6","1116585","3028215",
"Mon Aug 07 2023 12:45:00 GMT+0530 (India Standard Time)","47.85","52.25","44.4","44.8","979065","3015000",
"Mon Aug 07 2023 13:00:00 GMT+0530 (India Standard Time)","45","48.55","41.4","47","1212270","3043620",
"Mon Aug 07 2023 13:15:00 GMT+0530 (India Standard Time)","47.55","61.65","46.7","60.25","1612905","3060240",
"Mon Aug 07 2023 13:30:00 GMT+0530 (India Standard Time)","60.95","63.15","53.7","59","1770165","3055035",
"Mon Aug 07 2023 13:45:00 GMT+0530 (India Standard Time)","58.35","59.5","46.3","48.15","1538445","3020550",
"Mon Aug 07 2023 14:00:00 GMT+0530 (India Standard Time)","48","49.8","37.2","39.7","1870425","2963640",
"Mon Aug 07 2023 14:15:00 GMT+0530 (India Standard Time)","39.95","44.3","34.55","42.95","2073630","2970045",
"Mon Aug 07 2023 14:30:00 GMT+0530 (India Standard Time)","43.05","46.05","37.5","43","1387335","2966340",
"Mon Aug 07 2023 14:45:00 GMT+0530 (India Standard Time)","42.95","44.15","36.5","40.85","1506900","2932890",
"Mon Aug 07 2023 15:00:00 GMT+0530 (India Standard Time)","41.3","41.85","35.9","39.95","1685940","2835630",
"Mon Aug 07 2023 15:15:00 GMT+0530 (India Standard Time)","40.1","41.7","39","39","1913280","2528460",
"Tue Aug 08 2023 09:15:00 GMT+0530 (India Standard Time)","40","42.2","34.05","38.5","1868298","2653080",
"Tue Aug 08 2023 09:30:00 GMT+0530 (India Standard Time)","38.4","39.35","34.2","35.5","1165455","2680980",
"Tue Aug 08 2023 09:45:00 GMT+0530 (India Standard Time)","35.65","36.5","31.3","36.1","863385","2689995",
"Tue Aug 08 2023 10:00:00 GMT+0530 (India Standard Time)","36.2","43.35","35.35","40.15","1627485","2843775",
"Tue Aug 08 2023 10:15:00 GMT+0530 (India Standard Time)","40.25","60.5","38.8","55.8","2522340","2816490",
"Tue Aug 08 2023 10:30:00 GMT+0530 (India Standard Time)","55.95","81.25","55.5","72.4","3864150","2841165",
"Tue Aug 08 2023 10:45:00 GMT+0530 (India Standard Time)","72.35","76.55","62","66.65","1951305","2885805",
"Tue Aug 08 2023 11:00:00 GMT+0530 (India Standard Time)","66.45","69.25","43.55","43.95","2513760","2792670",
"Tue Aug 08 2023 11:15:00 GMT+0530 (India Standard Time)","43.15","44.8","39.05","39.05","2226360","2710440",
"Tue Aug 08 2023 11:30:00 GMT+0530 (India Standard Time)","38.1","43.3","35.35","43.25","1570980","2782500",
"Tue Aug 08 2023 11:45:00 GMT+0530 (India Standard Time)","42.7","48.3","40.4","40.75","1444455","2765130",
"Tue Aug 08 2023 12:00:00 GMT+0530 (India Standard Time)","40.45","49.1","39.3","48.05","1304955","2776365",
"Tue Aug 08 2023 12:15:00 GMT+0530 (India Standard Time)","47.85","49.4","43.05","45.65","1283115","2902770",
"Tue Aug 08 2023 12:30:00 GMT+0530 (India Standard Time)","46.25","52.75","41.45","44","1202520","2885445",
"Tue Aug 08 2023 12:45:00 GMT+0530 (India Standard Time)","44.5","45.95","38.75","40.2","920955","2905980",
"Tue Aug 08 2023 13:00:00 GMT+0530 (India Standard Time)","40.1","45","39.1","44.45","1195215","2926200",
"Tue Aug 08 2023 13:15:00 GMT+0530 (India Standard Time)","43.85","48","41.1","42","983490","2919675",
"Tue Aug 08 2023 13:30:00 GMT+0530 (India Standard Time)","42","45.35","38.1","39.35","1281030","2916855",
"Tue Aug 08 2023 13:45:00 GMT+0530 (India Standard Time)","39.25","40.5","36.6","38.85","1137675","2900220",
"Tue Aug 08 2023 14:00:00 GMT+0530 (India Standard Time)","38.6","42.25","37.8","39.65","1216455","2942700",
"Tue Aug 08 2023 14:15:00 GMT+0530 (India Standard Time)","39.6","47.35","35","44.45","2161050","2886015",
"Tue Aug 08 2023 14:30:00 GMT+0530 (India Standard Time)","44","45","37.25","37.25","1863150","2842620",
"Tue Aug 08 2023 14:45:00 GMT+0530 (India Standard Time)","37.1","37.35","27.5","29.65","3023025","2779395",
"Tue Aug 08 2023 15:00:00 GMT+0530 (India Standard Time)","29.75","31.85","24.7","26.25","2687730","2826315",
"Tue Aug 08 2023 15:15:00 GMT+0530 (India Standard Time)","26.55","28.35","26.15","27.2","1986465","2752665",
"Wed Aug 09 2023 09:15:00 GMT+0530 (India Standard Time)","27.5","27.5","12.4","12.75","5497217","3047880",
"Wed Aug 09 2023 09:30:00 GMT+0530 (India Standard Time)","12.65","14.5","12.55","13.45","2918550","3179520",
"Wed Aug 09 2023 09:45:00 GMT+0530 (India Standard Time)","13.6","13.95","12.05","12.5","1887960","3293235",
"Wed Aug 09 2023 10:00:00 GMT+0530 (India Standard Time)","12.45","12.45","11.35","11.45","1466235","3318375",
"Wed Aug 09 2023 10:15:00 GMT+0530 (India Standard Time)","11.45","11.55","10.1","10.2","1819050","3442560",
"Wed Aug 09 2023 10:30:00 GMT+0530 (India Standard Time)","10.25","10.85","10","10.6","879345","3517050",
"Wed Aug 09 2023 10:45:00 GMT+0530 (India Standard Time)","10.6","11.15","10.5","10.9","614325","3562665",
"Wed Aug 09 2023 11:00:00 GMT+0530 (India Standard Time)","10.95","11.05","10.3","10.45","1684320","3532470",
"Wed Aug 09 2023 11:15:00 GMT+0530 (India Standard Time)","10.45","10.7","9.8","9.85","722895","3593715",
"Wed Aug 09 2023 11:30:00 GMT+0530 (India Standard Time)","9.85","9.95","9.5","9.5","616440","3606510",
"Wed Aug 09 2023 11:45:00 GMT+0530 (India Standard Time)","9.5","9.8","9.1","9.4","702180","3544530",
"Wed Aug 09 2023 12:00:00 GMT+0530 (India Standard Time)","9.4","9.85","8.5","9.8","864450","3557040",
"Wed Aug 09 2023 12:15:00 GMT+0530 (India Standard Time)","9.8","9.95","9","9.55","845370","3558585",
"Wed Aug 09 2023 12:30:00 GMT+0530 (India Standard Time)","9.5","10.3","8.6","8.7","1623180","3445605",
"Wed Aug 09 2023 12:45:00 GMT+0530 (India Standard Time)","8.7","8.95","8.35","8.6","831525","3468960",
"Wed Aug 09 2023 13:00:00 GMT+0530 (India Standard Time)","8.65","9.2","8.55","9","520170","3443235",
"Wed Aug 09 2023 13:15:00 GMT+0530 (India Standard Time)","9","9.1","8.3","8.45","784425","3421395",
"Wed Aug 09 2023 13:30:00 GMT+0530 (India Standard Time)","8.4","8.75","8.2","8.4","646485","3441810",
"Wed Aug 09 2023 13:45:00 GMT+0530 (India Standard Time)","8.45","9.05","8.05","8.95","905745","3461730",
"Wed Aug 09 2023 14:00:00 GMT+0530 (India Standard Time)","9","9.35","8.2","8.8","1612230","3490305",
"Wed Aug 09 2023 14:15:00 GMT+0530 (India Standard Time)","8.75","9","7.75","8.2","1191720","3483465",
"Wed Aug 09 2023 14:30:00 GMT+0530 (India Standard Time)","8.2","9.35","8.2","9.1","2084580","3406860",
"Wed Aug 09 2023 14:45:00 GMT+0530 (India Standard Time)","9.15","9.9","8.4","9.3","3550440","3266640",
"Wed Aug 09 2023 15:00:00 GMT+0530 (India Standard Time)","9.35","10","8.45","9","3695745","3194115",
"Wed Aug 09 2023 15:15:00 GMT+0530 (India Standard Time)","8.95","9.1","8.15","8.85","3196575","3180255",
"Thu Aug 10 2023 09:15:00 GMT+0530 (India Standard Time)","6","7.15","5.5","6.05","6694308","3757920",
"Thu Aug 10 2023 09:30:00 GMT+0530 (India Standard Time)","6.05","7.95","5.75","7.6","4278810","4013265",
"Thu Aug 10 2023 09:45:00 GMT+0530 (India Standard Time)","7.55","8.35","6.4","8.15","3101010","4396950",
"Thu Aug 10 2023 10:00:00 GMT+0530 (India Standard Time)","8.2","15.35","6.65","12.25","13462125","5171745",
"Thu Aug 10 2023 10:15:00 GMT+0530 (India Standard Time)","12.4","13.5","4.3","6.2","14440260","5281635",
"Thu Aug 10 2023 10:30:00 GMT+0530 (India Standard Time)","6.15","6.8","5.05","6.2","7445970","5169060",
"Thu Aug 10 2023 10:45:00 GMT+0530 (India Standard Time)","6.2","6.3","4.45","4.8","4261665","5064405",
"Thu Aug 10 2023 11:00:00 GMT+0530 (India Standard Time)","4.8","4.85","4.15","4.3","3528690","4980870",
"Thu Aug 10 2023 11:15:00 GMT+0530 (India Standard Time)","4.35","4.75","4.1","4.25","2207115","4955295",
"Thu Aug 10 2023 11:30:00 GMT+0530 (India Standard Time)","4.25","4.35","3.65","3.85","2048655","5199810",
"Thu Aug 10 2023 11:45:00 GMT+0530 (India Standard Time)","3.8","5.1","3.8","4.55","2688480","5202390",
"Thu Aug 10 2023 12:00:00 GMT+0530 (India Standard Time)","4.6","4.7","3.05","3.55","3697470","5367900",
"Thu Aug 10 2023 12:15:00 GMT+0530 (India Standard Time)","3.5","3.95","3.2","3.4","3076305","5303355",
"Thu Aug 10 2023 12:30:00 GMT+0530 (India Standard Time)","3.4","3.75","3","3.3","2341125","5386305",
"Thu Aug 10 2023 12:45:00 GMT+0530 (India Standard Time)","3.3","3.8","3.2","3.3","3364050","5860845",
"Thu Aug 10 2023 13:00:00 GMT+0530 (India Standard Time)","3.35","3.65","2.9","3.1","3210315","6360915",
"Thu Aug 10 2023 13:15:00 GMT+0530 (India Standard Time)","3.05","3.3","2.45","2.55","5070510","6462945",
"Thu Aug 10 2023 13:30:00 GMT+0530 (India Standard Time)","2.55","3","1.75","1.75","3630450","5989890",
"Thu Aug 10 2023 13:45:00 GMT+0530 (India Standard Time)","1.8","2.05","1.55","1.7","4028430","5620530",
"Thu Aug 10 2023 14:00:00 GMT+0530 (India Standard Time)","1.7","1.75","1.05","1.5","3183765","5220045",
"Thu Aug 10 2023 14:15:00 GMT+0530 (India Standard Time)","1.5","1.6","0.75","0.9","2779260","4919805",
"Thu Aug 10 2023 14:30:00 GMT+0530 (India Standard Time)","0.9","1","0.4","0.45","2467185","4796670",
"Thu Aug 10 2023 14:45:00 GMT+0530 (India Standard Time)","0.45","0.6","0.4","0.45","2307075","4439295",
"Thu Aug 10 2023 15:00:00 GMT+0530 (India Standard Time)","0.5","0.5","0.1","0.15","3299790","3923565",
"Thu Aug 10 2023 15:15:00 GMT+0530 (India Standard Time)","0.15","0.2","0.05","0.05","2447790","2781915",
