www.gocharting.com

date,open,high,low,close,volume,open_interest
"Fri Jul 21 2023 09:15:00 GMT+0530 (India Standard Time)","601.6","601.6","595","595","256","45",
"Fri Jul 21 2023 09:30:00 GMT+0530 (India Standard Time)","624.8","624.8","525","525","465","225",
"Fri Jul 21 2023 09:45:00 GMT+0530 (India Standard Time)","525","525","525","525","15","240",
"Fri Jul 21 2023 10:00:00 GMT+0530 (India Standard Time)","535","535","535","535","15","255",
"Fri Jul 21 2023 10:45:00 GMT+0530 (India Standard Time)","504.55","504.55","504.55","504.55","15","255",
"Fri Jul 21 2023 11:30:00 GMT+0530 (India Standard Time)","494.3","494.3","494.3","494.3","15","255",
"Fri Jul 21 2023 12:15:00 GMT+0530 (India Standard Time)","480","480","461.9","461.9","45","270",
"Fri Jul 21 2023 13:15:00 GMT+0530 (India Standard Time)","538.05","538.05","538.05","538.05","15","285",
"Fri Jul 21 2023 13:30:00 GMT+0530 (India Standard Time)","527.75","530","527.75","530","240","285",
"Fri Jul 21 2023 13:45:00 GMT+0530 (India Standard Time)","553","553","553","553","15","495",
"Fri Jul 21 2023 14:00:00 GMT+0530 (India Standard Time)","550.3","550.3","500","500","45","525",
"Fri Jul 21 2023 14:30:00 GMT+0530 (India Standard Time)","483.6","499","482","482","150","630",
"Fri Jul 21 2023 14:45:00 GMT+0530 (India Standard Time)","477","494.55","452.7","452.7","510","990",
"Fri Jul 21 2023 15:00:00 GMT+0530 (India Standard Time)","447.4","499.5","447.4","476.75","360","1395",
"Fri Jul 21 2023 15:15:00 GMT+0530 (India Standard Time)","500","510","494.05","510","360","1335",
"Mon Jul 24 2023 09:15:00 GMT+0530 (India Standard Time)","482.25","482.25","449.15","469.35","211","1380",
"Mon Jul 24 2023 09:30:00 GMT+0530 (India Standard Time)","491.25","491.25","491.25","491.25","225","1380",
"Mon Jul 24 2023 09:45:00 GMT+0530 (India Standard Time)","463.65","463.65","453.9","453.9","30","1605",
"Mon Jul 24 2023 10:00:00 GMT+0530 (India Standard Time)","463.45","463.45","463.45","463.45","105","1620",
"Mon Jul 24 2023 10:15:00 GMT+0530 (India Standard Time)","463.45","493.35","463.45","493.35","75","1680",
"Mon Jul 24 2023 10:30:00 GMT+0530 (India Standard Time)","518.05","518.1","518.05","518.1","30","1680",
"Mon Jul 24 2023 11:30:00 GMT+0530 (India Standard Time)","518.1","518.1","518.1","518.1","15","1695",
"Mon Jul 24 2023 11:45:00 GMT+0530 (India Standard Time)","416.95","416.95","396.2","396.2","135","1815",
"Mon Jul 24 2023 12:00:00 GMT+0530 (India Standard Time)","396.2","411.3","396.2","399.65","255","1815",
"Mon Jul 24 2023 12:15:00 GMT+0530 (India Standard Time)","419.15","419.15","419.15","419.15","15","1845",
"Mon Jul 24 2023 13:00:00 GMT+0530 (India Standard Time)","440.15","440.15","440.15","440.15","15","1845",
"Mon Jul 24 2023 13:15:00 GMT+0530 (India Standard Time)","462.2","462.2","462.2","462.2","15","1860",
"Mon Jul 24 2023 13:45:00 GMT+0530 (India Standard Time)","419.35","419.35","419.35","419.35","45","1875",
"Mon Jul 24 2023 14:30:00 GMT+0530 (India Standard Time)","436.35","436.35","436.35","436.35","15","1905",
"Mon Jul 24 2023 14:45:00 GMT+0530 (India Standard Time)","420.35","426.95","420.35","426.95","30","1920",
"Mon Jul 24 2023 15:00:00 GMT+0530 (India Standard Time)","409.25","409.25","385.5","385.5","120","1995",
"Mon Jul 24 2023 15:15:00 GMT+0530 (India Standard Time)","420.55","422.95","406.1","406.9","60","2010",
"Tue Jul 25 2023 09:30:00 GMT+0530 (India Standard Time)","406.15","406.15","406.15","406.15","151","2040",
"Tue Jul 25 2023 09:45:00 GMT+0530 (India Standard Time)","388.5","388.5","388.5","388.5","15","2190",
"Tue Jul 25 2023 10:00:00 GMT+0530 (India Standard Time)","388.5","392.6","388.5","392.6","45","2190",
"Tue Jul 25 2023 10:45:00 GMT+0530 (India Standard Time)","392.6","392.6","392.6","392.6","75","2190",
"Tue Jul 25 2023 11:00:00 GMT+0530 (India Standard Time)","372.6","372.6","372.6","372.6","15","2265",
"Tue Jul 25 2023 11:30:00 GMT+0530 (India Standard Time)","357.55","357.55","343.95","343.95","60","2280",
"Tue Jul 25 2023 11:45:00 GMT+0530 (India Standard Time)","335.3","335.3","335.3","335.3","120","2340",
"Tue Jul 25 2023 12:00:00 GMT+0530 (India Standard Time)","334","334","334","334","15","2340",
"Tue Jul 25 2023 12:15:00 GMT+0530 (India Standard Time)","334","365.7","334","365.7","360","2355",
"Tue Jul 25 2023 12:30:00 GMT+0530 (India Standard Time)","357","381.8","351","355.75","90","2655",
"Tue Jul 25 2023 12:45:00 GMT+0530 (India Standard Time)","347.6","347.6","347.6","347.6","15","2670",
"Tue Jul 25 2023 13:00:00 GMT+0530 (India Standard Time)","347.7","347.7","345.75","345.75","75","2670",
"Tue Jul 25 2023 13:15:00 GMT+0530 (India Standard Time)","334","334","329.65","329.65","75","2790",
"Tue Jul 25 2023 13:30:00 GMT+0530 (India Standard Time)","300","300","299.9","299.9","885","3540",
"Tue Jul 25 2023 13:45:00 GMT+0530 (India Standard Time)","299.9","308.95","293.5","305","510","3915",
"Tue Jul 25 2023 14:00:00 GMT+0530 (India Standard Time)","300.3","308.15","284.7","300.6","195","3990",
"Tue Jul 25 2023 14:15:00 GMT+0530 (India Standard Time)","306","320","306","320","555","3555",
"Tue Jul 25 2023 14:30:00 GMT+0530 (India Standard Time)","336.75","350","336.75","350","150","3495",
"Tue Jul 25 2023 14:45:00 GMT+0530 (India Standard Time)","343.45","366.5","343.45","349.85","90","3435",
"Tue Jul 25 2023 15:00:00 GMT+0530 (India Standard Time)","368","368","343.45","343.45","180","3465",
"Tue Jul 25 2023 15:15:00 GMT+0530 (India Standard Time)","357.15","362.25","357.15","362.25","90","3450",
"Wed Jul 26 2023 09:15:00 GMT+0530 (India Standard Time)","351.4","351.4","340","340","271","3645",
"Wed Jul 26 2023 09:30:00 GMT+0530 (India Standard Time)","351.45","351.45","330.05","330.05","390","3960",
"Wed Jul 26 2023 09:45:00 GMT+0530 (India Standard Time)","342.05","349","342","349","375","4095",
"Wed Jul 26 2023 10:00:00 GMT+0530 (India Standard Time)","352.9","372.25","352.9","372.25","1350","4500",
"Wed Jul 26 2023 10:15:00 GMT+0530 (India Standard Time)","373.25","373.25","367.65","368.85","240","4605",
"Wed Jul 26 2023 10:30:00 GMT+0530 (India Standard Time)","376.65","376.65","373.45","376.6","210","4680",
"Wed Jul 26 2023 10:45:00 GMT+0530 (India Standard Time)","374.25","374.25","361.8","368","180","4725",
"Wed Jul 26 2023 11:00:00 GMT+0530 (India Standard Time)","353.35","353.95","353.35","353.95","90","4740",
"Wed Jul 26 2023 11:15:00 GMT+0530 (India Standard Time)","350.35","358.15","343.3","354.65","420","4290",
"Wed Jul 26 2023 11:30:00 GMT+0530 (India Standard Time)","359.05","360.85","359.05","359.4","45","4230",
"Wed Jul 26 2023 11:45:00 GMT+0530 (India Standard Time)","363.35","363.35","363.35","363.35","30","4245",
"Wed Jul 26 2023 12:00:00 GMT+0530 (India Standard Time)","374.4","374.4","374.4","374.4","30","4245",
"Wed Jul 26 2023 12:15:00 GMT+0530 (India Standard Time)","372.15","377.5","372.15","377.5","75","4185",
"Wed Jul 26 2023 12:30:00 GMT+0530 (India Standard Time)","377.5","383.2","376","383.2","255","4110",
"Wed Jul 26 2023 12:45:00 GMT+0530 (India Standard Time)","383.2","390","383.2","390","30","4095",
"Wed Jul 26 2023 13:00:00 GMT+0530 (India Standard Time)","390","390","370","370","60","4110",
"Wed Jul 26 2023 13:15:00 GMT+0530 (India Standard Time)","370.25","399.5","370.25","399.5","180","4065",
"Wed Jul 26 2023 13:30:00 GMT+0530 (India Standard Time)","399.5","399.5","399.5","399.5","75","4035",
"Wed Jul 26 2023 13:45:00 GMT+0530 (India Standard Time)","399.5","399.5","399.5","399.5","15","4110",
"Wed Jul 26 2023 14:00:00 GMT+0530 (India Standard Time)","398","398","392.4","392.4","30","4095",
"Wed Jul 26 2023 14:15:00 GMT+0530 (India Standard Time)","407","407","407","407","45","4065",
"Wed Jul 26 2023 14:30:00 GMT+0530 (India Standard Time)","404.3","404.3","382.7","385","90","4035",
"Wed Jul 26 2023 14:45:00 GMT+0530 (India Standard Time)","380","380","360","377.25","180","4185",
"Wed Jul 26 2023 15:00:00 GMT+0530 (India Standard Time)","394.3","395","389.95","390","330","4050",
"Wed Jul 26 2023 15:15:00 GMT+0530 (India Standard Time)","399.95","399.95","389.95","399.9","90","4035",
"Thu Jul 27 2023 09:15:00 GMT+0530 (India Standard Time)","422.65","472.5","403.2","447.15","4307","4215",
"Thu Jul 27 2023 09:30:00 GMT+0530 (India Standard Time)","449.7","465","449.7","454.5","390","4200",
"Thu Jul 27 2023 09:45:00 GMT+0530 (India Standard Time)","454.5","457.4","440","440","1125","5145",
"Thu Jul 27 2023 10:00:00 GMT+0530 (India Standard Time)","445.1","446","445.1","446","75","5160",
"Thu Jul 27 2023 10:15:00 GMT+0530 (India Standard Time)","460","480.75","460","480.75","930","4755",
"Thu Jul 27 2023 10:30:00 GMT+0530 (India Standard Time)","481","481","457.9","457.9","150","4395",
"Thu Jul 27 2023 10:45:00 GMT+0530 (India Standard Time)","450","450","401.65","401.65","300","4425",
"Thu Jul 27 2023 11:00:00 GMT+0530 (India Standard Time)","401.65","412.95","400","412.95","105","4605",
"Thu Jul 27 2023 11:15:00 GMT+0530 (India Standard Time)","400","400","350","350","480","4710",
"Thu Jul 27 2023 11:30:00 GMT+0530 (India Standard Time)","344.8","364.8","344.8","364.1","165","4920",
"Thu Jul 27 2023 11:45:00 GMT+0530 (India Standard Time)","362.1","367.3","349.85","349.85","210","5040",
"Thu Jul 27 2023 12:00:00 GMT+0530 (India Standard Time)","349.85","349.85","345","345","330","5055",
"Thu Jul 27 2023 12:15:00 GMT+0530 (India Standard Time)","327.25","363.8","327.25","345.2","300","5310",
"Thu Jul 27 2023 12:30:00 GMT+0530 (India Standard Time)","332.05","332.05","319","319","2070","5400",
"Thu Jul 27 2023 12:45:00 GMT+0530 (India Standard Time)","319","340.95","319","333","1665","6180",
"Thu Jul 27 2023 13:00:00 GMT+0530 (India Standard Time)","330","341.8","320","341.8","300","6060",
"Thu Jul 27 2023 13:15:00 GMT+0530 (India Standard Time)","342.2","347.95","320","320","435","5685",
"Thu Jul 27 2023 13:30:00 GMT+0530 (India Standard Time)","330","333.5","319.85","319.85","105","5625",
"Thu Jul 27 2023 13:45:00 GMT+0530 (India Standard Time)","327","335.75","325","325","210","5535",
"Thu Jul 27 2023 14:00:00 GMT+0530 (India Standard Time)","325","331","313.7","331","1275","6135",
"Thu Jul 27 2023 14:15:00 GMT+0530 (India Standard Time)","328.7","337.2","307.4","319.45","870","6390",
"Thu Jul 27 2023 14:30:00 GMT+0530 (India Standard Time)","315.45","315.45","273.3","290.7","1005","6810",
"Thu Jul 27 2023 14:45:00 GMT+0530 (India Standard Time)","291.35","295","261.85","270.25","2505","6165",
"Thu Jul 27 2023 15:00:00 GMT+0530 (India Standard Time)","263.55","274.6","263.55","274.6","240","6555",
"Thu Jul 27 2023 15:15:00 GMT+0530 (India Standard Time)","290","300.7","290","300.7","435","6615",
"Fri Jul 28 2023 09:15:00 GMT+0530 (India Standard Time)","269.45","269.45","179.65","184","2656","7350",
"Fri Jul 28 2023 09:30:00 GMT+0530 (India Standard Time)","188.6","196.35","184","187.05","390","7635",
"Fri Jul 28 2023 09:45:00 GMT+0530 (India Standard Time)","185.15","198.5","182","195.55","270","7830",
"Fri Jul 28 2023 10:00:00 GMT+0530 (India Standard Time)","190","190","180","180","330","7965",
"Fri Jul 28 2023 10:15:00 GMT+0530 (India Standard Time)","184.9","187.35","168.05","170.25","345","8370",
"Fri Jul 28 2023 10:30:00 GMT+0530 (India Standard Time)","182.3","187.8","182.3","187.8","105","8295",
"Fri Jul 28 2023 10:45:00 GMT+0530 (India Standard Time)","181.95","188.9","179.5","181","2685","8085",
"Fri Jul 28 2023 11:00:00 GMT+0530 (India Standard Time)","180.55","182.3","179.4","181","2865","8115",
"Fri Jul 28 2023 11:15:00 GMT+0530 (India Standard Time)","170.1","176.7","170","170","465","8400",
"Fri Jul 28 2023 11:30:00 GMT+0530 (India Standard Time)","177.9","178.15","170","170","555","8445",
"Fri Jul 28 2023 11:45:00 GMT+0530 (India Standard Time)","166.9","174.5","163.45","170.45","1755","9405",
"Fri Jul 28 2023 12:00:00 GMT+0530 (India Standard Time)","173.65","173.65","150.75","165.4","660","9120",
"Fri Jul 28 2023 12:15:00 GMT+0530 (India Standard Time)","165","165.05","165","165.05","90","9105",
"Fri Jul 28 2023 12:45:00 GMT+0530 (India Standard Time)","165.75","166.3","159.05","166.3","75","9180",
"Fri Jul 28 2023 13:00:00 GMT+0530 (India Standard Time)","165.9","165.9","157.45","159.7","1740","9195",
"Fri Jul 28 2023 13:15:00 GMT+0530 (India Standard Time)","162.95","162.95","150","150","795","10410",
"Fri Jul 28 2023 13:30:00 GMT+0530 (India Standard Time)","155.6","155.6","143","143","330","10440",
"Fri Jul 28 2023 13:45:00 GMT+0530 (India Standard Time)","143","148.05","142.15","146.95","480","10830",
"Fri Jul 28 2023 14:00:00 GMT+0530 (India Standard Time)","149.25","149.25","146.05","148","780","10875",
"Fri Jul 28 2023 14:15:00 GMT+0530 (India Standard Time)","148.45","158","147.45","158","1305","11925",
"Fri Jul 28 2023 14:30:00 GMT+0530 (India Standard Time)","152","152","144.35","146.8","1035","11865",
"Fri Jul 28 2023 14:45:00 GMT+0530 (India Standard Time)","152.85","168","152.85","157.3","1080","11415",
"Fri Jul 28 2023 15:00:00 GMT+0530 (India Standard Time)","168","181.8","168","176","750","11655",
"Fri Jul 28 2023 15:15:00 GMT+0530 (India Standard Time)","172.85","181.9","169.95","172.5","945","11955",
"Mon Jul 31 2023 09:15:00 GMT+0530 (India Standard Time)","155.75","165.9","150.6","165.9","571","11775",
"Mon Jul 31 2023 09:30:00 GMT+0530 (India Standard Time)","165.9","165.9","152","164.65","240","11745",
"Mon Jul 31 2023 09:45:00 GMT+0530 (India Standard Time)","149.25","165","149.25","165","210","11850",
"Mon Jul 31 2023 10:00:00 GMT+0530 (India Standard Time)","161.8","168.3","161.1","163.35","1740","11955",
"Mon Jul 31 2023 10:15:00 GMT+0530 (India Standard Time)","165.2","173.5","159.8","165.65","720","12345",
"Mon Jul 31 2023 10:30:00 GMT+0530 (India Standard Time)","163.05","171.8","159.85","171.8","2160","13215",
"Mon Jul 31 2023 10:45:00 GMT+0530 (India Standard Time)","171.8","178.95","170","176.15","1290","14760",
"Mon Jul 31 2023 11:00:00 GMT+0530 (India Standard Time)","177.6","181.35","172.85","172.85","930","15120",
"Mon Jul 31 2023 11:15:00 GMT+0530 (India Standard Time)","172.05","182.45","172","179.15","2280","15165",
"Mon Jul 31 2023 11:30:00 GMT+0530 (India Standard Time)","179.35","185","178.05","178.05","1050","17790",
"Mon Jul 31 2023 11:45:00 GMT+0530 (India Standard Time)","175.75","180","166","166","315","18120",
"Mon Jul 31 2023 12:00:00 GMT+0530 (India Standard Time)","174.35","177.3","171.6","177.3","525","18480",
"Mon Jul 31 2023 12:15:00 GMT+0530 (India Standard Time)","173.35","174.45","173.35","174.4","105","18480",
"Mon Jul 31 2023 12:30:00 GMT+0530 (India Standard Time)","165","165","165","165","615","18570",
"Mon Jul 31 2023 12:45:00 GMT+0530 (India Standard Time)","170.8","170.8","170.8","170.8","150","19050",
"Mon Jul 31 2023 13:00:00 GMT+0530 (India Standard Time)","174","178.1","170.35","178.1","870","19785",
"Mon Jul 31 2023 13:15:00 GMT+0530 (India Standard Time)","180","188.25","179.2","184.05","1620","20700",
"Mon Jul 31 2023 13:30:00 GMT+0530 (India Standard Time)","182","182","177","177","60","20790",
"Mon Jul 31 2023 13:45:00 GMT+0530 (India Standard Time)","175.45","184.6","173.4","173.4","45","20820",
"Mon Jul 31 2023 14:00:00 GMT+0530 (India Standard Time)","184.55","184.55","176.6","176.6","75","20775",
"Mon Jul 31 2023 14:15:00 GMT+0530 (India Standard Time)","182.2","185.55","182.2","184.15","105","20805",
"Mon Jul 31 2023 14:30:00 GMT+0530 (India Standard Time)","186.25","187.7","180","185","525","20790",
"Mon Jul 31 2023 14:45:00 GMT+0530 (India Standard Time)","181.2","182","181.2","182","105","20955",
"Mon Jul 31 2023 15:00:00 GMT+0530 (India Standard Time)","192","192","183.75","184.8","300","",
"Mon Jul 31 2023 15:15:00 GMT+0530 (India Standard Time)","184.75","189.25","181.25","187.15","1890","21615",
"Tue Aug 01 2023 09:15:00 GMT+0530 (India Standard Time)","192.35","195","179.95","179.95","3152","23595",
"Tue Aug 01 2023 09:30:00 GMT+0530 (India Standard Time)","187.15","187.15","174.95","174.95","1110","24555",
"Tue Aug 01 2023 09:45:00 GMT+0530 (India Standard Time)","178.7","180","173.05","173.05","795","24585",
"Tue Aug 01 2023 10:00:00 GMT+0530 (India Standard Time)","173.05","179.35","173.05","179.35","465","25305",
"Tue Aug 01 2023 10:15:00 GMT+0530 (India Standard Time)","174.3","174.3","168.35","170.85","225","25410",
"Tue Aug 01 2023 10:30:00 GMT+0530 (India Standard Time)","168","168","152.3","158.9","675","25740",
"Tue Aug 01 2023 10:45:00 GMT+0530 (India Standard Time)","155.05","157.1","150","157.1","2460","24945",
"Tue Aug 01 2023 11:00:00 GMT+0530 (India Standard Time)","152.05","154.2","150.6","150.6","285","25005",
"Tue Aug 01 2023 11:15:00 GMT+0530 (India Standard Time)","149.8","150","142.35","148.3","960","24705",
"Tue Aug 01 2023 11:30:00 GMT+0530 (India Standard Time)","147.85","150.35","146.2","150.35","240","24675",
"Tue Aug 01 2023 11:45:00 GMT+0530 (India Standard Time)","152.05","152.05","148.85","149","435","24420",
"Tue Aug 01 2023 12:00:00 GMT+0530 (India Standard Time)","145.85","145.85","143.45","143.45","75","24465",
"Tue Aug 01 2023 12:15:00 GMT+0530 (India Standard Time)","140.35","140.85","135.05","139.15","585","24450",
"Tue Aug 01 2023 12:30:00 GMT+0530 (India Standard Time)","139.15","139.15","130","130.15","1095","25125",
"Tue Aug 01 2023 12:45:00 GMT+0530 (India Standard Time)","134.6","137.75","130.75","133.5","1785","24555",
"Tue Aug 01 2023 13:00:00 GMT+0530 (India Standard Time)","133.8","135","133","135","315","24735",
"Tue Aug 01 2023 13:15:00 GMT+0530 (India Standard Time)","136.3","142.5","136.3","142.5","345","24360",
"Tue Aug 01 2023 13:30:00 GMT+0530 (India Standard Time)","146.45","156.65","140","140","1335","24165",
"Tue Aug 01 2023 13:45:00 GMT+0530 (India Standard Time)","144.45","147","136","136","2040","25005",
"Tue Aug 01 2023 14:00:00 GMT+0530 (India Standard Time)","135","138.6","133","133.45","1740","26865",
"Tue Aug 01 2023 14:15:00 GMT+0530 (India Standard Time)","136.45","142.8","136.35","142","1380","26925",
"Tue Aug 01 2023 14:30:00 GMT+0530 (India Standard Time)","144","152.75","142.9","150","2865","28530",
"Tue Aug 01 2023 14:45:00 GMT+0530 (India Standard Time)","144.1","144.1","136","141.5","1920","27960",
"Tue Aug 01 2023 15:00:00 GMT+0530 (India Standard Time)","143.25","147.7","134.7","137.9","4395","24225",
"Tue Aug 01 2023 15:15:00 GMT+0530 (India Standard Time)","137.3","141.8","136.8","138.7","2115","23160",
"Wed Aug 02 2023 09:15:00 GMT+0530 (India Standard Time)","95.05","97.3","85.65","87.55","5282","25395",
"Wed Aug 02 2023 09:30:00 GMT+0530 (India Standard Time)","85.2","92","84.2","88.1","7980","30420",
"Wed Aug 02 2023 09:45:00 GMT+0530 (India Standard Time)","87.75","89","85.95","87.7","4065","30660",
"Wed Aug 02 2023 10:00:00 GMT+0530 (India Standard Time)","88.35","89","80.95","82.85","2895","30840",
"Wed Aug 02 2023 10:15:00 GMT+0530 (India Standard Time)","82.8","83","80","80.1","1770","32325",
"Wed Aug 02 2023 10:30:00 GMT+0530 (India Standard Time)","80.1","80.5","73.85","75.8","2655","31740",
"Wed Aug 02 2023 10:45:00 GMT+0530 (India Standard Time)","75.8","76.3","72.55","74","4575","31035",
"Wed Aug 02 2023 11:00:00 GMT+0530 (India Standard Time)","75.15","75.7","69.05","70.4","15105","33450",
"Wed Aug 02 2023 11:15:00 GMT+0530 (India Standard Time)","73.5","73.5","67.9","67.9","4905","34170",
"Wed Aug 02 2023 11:30:00 GMT+0530 (India Standard Time)","67.9","68.8","63.55","65.6","7005","34620",
"Wed Aug 02 2023 11:45:00 GMT+0530 (India Standard Time)","67.45","69.65","63.7","64.6","4830","34605",
"Wed Aug 02 2023 12:00:00 GMT+0530 (India Standard Time)","64.3","68.25","60","60","1065","34380",
"Wed Aug 02 2023 12:15:00 GMT+0530 (India Standard Time)","60","68.1","60","66.3","450","34260",
"Wed Aug 02 2023 12:30:00 GMT+0530 (India Standard Time)","66.75","70.15","63.2","63.9","8400","32460",
"Wed Aug 02 2023 12:45:00 GMT+0530 (India Standard Time)","67.5","67.75","62","62.05","6960","33000",
"Wed Aug 02 2023 13:00:00 GMT+0530 (India Standard Time)","62.05","62.35","60","60","780","33360",
"Wed Aug 02 2023 13:15:00 GMT+0530 (India Standard Time)","58.15","61.55","55.8","55.8","2880","33540",
"Wed Aug 02 2023 13:30:00 GMT+0530 (India Standard Time)","55.8","59.35","55.3","55.3","1545","34110",
"Wed Aug 02 2023 13:45:00 GMT+0530 (India Standard Time)","55.05","56.9","53","54.6","5355","32985",
"Wed Aug 02 2023 14:00:00 GMT+0530 (India Standard Time)","54.65","57.5","53.15","53.4","3795","35250",
"Wed Aug 02 2023 14:15:00 GMT+0530 (India Standard Time)","53.5","54.75","51.2","53.2","2715","35625",
"Wed Aug 02 2023 14:30:00 GMT+0530 (India Standard Time)","53.75","56.75","52.55","54.85","5430","36030",
"Wed Aug 02 2023 14:45:00 GMT+0530 (India Standard Time)","54.15","56.9","54","54.45","3630","37365",
"Wed Aug 02 2023 15:00:00 GMT+0530 (India Standard Time)","54.55","57.4","51.35","57.4","5010","38505",
"Wed Aug 02 2023 15:15:00 GMT+0530 (India Standard Time)","57.7","62.8","56.3","57.25","11145","36465",
"Thu Aug 03 2023 09:15:00 GMT+0530 (India Standard Time)","57","65.05","38.25","53.85","13922","41430",
"Thu Aug 03 2023 09:30:00 GMT+0530 (India Standard Time)","54.25","59","51","54.8","8025","41865",
"Thu Aug 03 2023 09:45:00 GMT+0530 (India Standard Time)","51.9","55.85","51.45","52.7","3105","40935",
"Thu Aug 03 2023 10:00:00 GMT+0530 (India Standard Time)","52.35","52.8","46.8","47","5940","43125",
"Thu Aug 03 2023 10:15:00 GMT+0530 (India Standard Time)","47.45","49.4","45.1","48.3","7680","43740",
"Thu Aug 03 2023 10:30:00 GMT+0530 (India Standard Time)","47.8","48.45","44.8","44.8","3660","42405",
"Thu Aug 03 2023 10:45:00 GMT+0530 (India Standard Time)","44.9","47.45","42.8","46.05","5715","42855",
"Thu Aug 03 2023 11:00:00 GMT+0530 (India Standard Time)","43.1","48.05","43.1","44.75","4845","43200",
"Thu Aug 03 2023 11:15:00 GMT+0530 (India Standard Time)","44.1","44.7","43","43","1410","44280",
"Thu Aug 03 2023 11:30:00 GMT+0530 (India Standard Time)","42.95","44.95","42.95","43.45","3030","45150",
"Thu Aug 03 2023 11:45:00 GMT+0530 (India Standard Time)","42.45","43.7","40.2","40.75","9240","43575",
"Thu Aug 03 2023 12:00:00 GMT+0530 (India Standard Time)","40.75","41.25","37.85","39.2","7545","45540",
"Thu Aug 03 2023 12:15:00 GMT+0530 (India Standard Time)","38.8","39.85","34","36.8","9330","47910",
"Thu Aug 03 2023 12:30:00 GMT+0530 (India Standard Time)","36.3","37.6","33.6","37.15","10635","48210",
"Thu Aug 03 2023 12:45:00 GMT+0530 (India Standard Time)","36.05","38.4","35.55","37.95","8355","49875",
"Thu Aug 03 2023 13:00:00 GMT+0530 (India Standard Time)","36.75","38.95","36.15","37","9825","50265",
"Thu Aug 03 2023 13:15:00 GMT+0530 (India Standard Time)","37.05","37.2","34.7","34.7","2235","50565",
"Thu Aug 03 2023 13:30:00 GMT+0530 (India Standard Time)","35.65","37.2","35","36.85","4320","50520",
"Thu Aug 03 2023 13:45:00 GMT+0530 (India Standard Time)","37","37","31.35","31.65","7410","51420",
"Thu Aug 03 2023 14:00:00 GMT+0530 (India Standard Time)","31.65","33.55","30.05","30.5","7455","51690",
"Thu Aug 03 2023 14:15:00 GMT+0530 (India Standard Time)","31.7","33.1","30.7","32.95","3900","50220",
"Thu Aug 03 2023 14:30:00 GMT+0530 (India Standard Time)","32.35","37.35","31.1","31.15","5895","50310",
"Thu Aug 03 2023 14:45:00 GMT+0530 (India Standard Time)","32","32","28","28.15","6555","51570",
"Thu Aug 03 2023 15:00:00 GMT+0530 (India Standard Time)","28.1","28.85","25.3","27.2","12735","49590",
"Thu Aug 03 2023 15:15:00 GMT+0530 (India Standard Time)","27.75","29.15","25.2","25.85","24930","51900",
"Fri Aug 04 2023 09:15:00 GMT+0530 (India Standard Time)","28.25","37.75","25.15","27.15","45167","55320",
"Fri Aug 04 2023 09:30:00 GMT+0530 (India Standard Time)","27.3","27.3","22.3","22.3","30000","50820",
"Fri Aug 04 2023 09:45:00 GMT+0530 (India Standard Time)","22.2","22.85","20.9","22.3","24060","58710",
"Fri Aug 04 2023 10:00:00 GMT+0530 (India Standard Time)","22.35","23.95","22.15","23.95","13755","64755",
"Fri Aug 04 2023 10:15:00 GMT+0530 (India Standard Time)","23.7","24.65","23.45","24.45","2820","64815",
"Fri Aug 04 2023 10:30:00 GMT+0530 (India Standard Time)","24.4","26.4","23.35","26.4","18705","73290",
"Fri Aug 04 2023 10:45:00 GMT+0530 (India Standard Time)","26.85","27","25.55","26.5","17340","77565",
"Fri Aug 04 2023 11:00:00 GMT+0530 (India Standard Time)","26.6","34.05","26.55","32.8","17055","80475",
"Fri Aug 04 2023 11:15:00 GMT+0530 (India Standard Time)","32.9","48.85","32.85","48","78645","98445",
"Fri Aug 04 2023 11:30:00 GMT+0530 (India Standard Time)","47.85","48.9","42.3","45","34260","100620",
"Fri Aug 04 2023 11:45:00 GMT+0530 (India Standard Time)","44.8","49.9","43.35","44.55","20715","102255",
"Fri Aug 04 2023 12:00:00 GMT+0530 (India Standard Time)","44.75","45.55","39.95","45.1","21300","101460",
"Fri Aug 04 2023 12:15:00 GMT+0530 (India Standard Time)","45.7","45.9","42.25","43.55","19980","103155",
"Fri Aug 04 2023 12:30:00 GMT+0530 (India Standard Time)","43.5","43.5","34.6","39.9","29835","104505",
"Fri Aug 04 2023 12:45:00 GMT+0530 (India Standard Time)","39.95","42.25","36.2","36.75","13170","104490",
"Fri Aug 04 2023 13:00:00 GMT+0530 (India Standard Time)","37.15","39.4","34.75","35.35","8055","104295",
"Fri Aug 04 2023 13:15:00 GMT+0530 (India Standard Time)","34.7","37.05","30.75","31.5","13875","103980",
"Fri Aug 04 2023 13:30:00 GMT+0530 (India Standard Time)","31.75","32.8","25.8","30","28725","103425",
"Fri Aug 04 2023 13:45:00 GMT+0530 (India Standard Time)","30.05","30.2","26.4","26.7","9180","103965",
"Fri Aug 04 2023 14:00:00 GMT+0530 (India Standard Time)","26.7","30.15","26.55","30.15","12480","103755",
"Fri Aug 04 2023 14:15:00 GMT+0530 (India Standard Time)","29.95","32.9","28.2","29","9270","102810",
"Fri Aug 04 2023 14:30:00 GMT+0530 (India Standard Time)","29.7","34.75","29.25","33.4","15150","103380",
"Fri Aug 04 2023 14:45:00 GMT+0530 (India Standard Time)","33","34.6","30.1","33.1","15870","103425",
"Fri Aug 04 2023 15:00:00 GMT+0530 (India Standard Time)","33.55","35.45","28.2","32.2","24645","103800",
"Fri Aug 04 2023 15:15:00 GMT+0530 (India Standard Time)","31.9","32.8","29.8","31.9","24450","106050",
"Mon Aug 07 2023 09:15:00 GMT+0530 (India Standard Time)","35","35","26.15","27.65","51677","110565",
"Mon Aug 07 2023 09:30:00 GMT+0530 (India Standard Time)","27.45","32.05","25.3","31.55","27690","111270",
"Mon Aug 07 2023 09:45:00 GMT+0530 (India Standard Time)","32.2","34","28.1","28.5","22425","115665",
"Mon Aug 07 2023 10:00:00 GMT+0530 (India Standard Time)","28.75","29.55","26.75","29.55","15660","118875",
"Mon Aug 07 2023 10:15:00 GMT+0530 (India Standard Time)","29.45","30.75","27.45","30.15","19185","125865",
"Mon Aug 07 2023 10:30:00 GMT+0530 (India Standard Time)","30.15","30.35","28.2","28.2","8715","130125",
"Mon Aug 07 2023 10:45:00 GMT+0530 (India Standard Time)","28.5","28.75","24.5","25.25","26070","132420",
"Mon Aug 07 2023 11:00:00 GMT+0530 (India Standard Time)","25.1","25.65","24.65","24.65","16515","130500",
"Mon Aug 07 2023 11:15:00 GMT+0530 (India Standard Time)","24.95","27.6","24.95","26.65","8040","128910",
"Mon Aug 07 2023 11:30:00 GMT+0530 (India Standard Time)","26.8","26.8","24.85","25.55","28185","129585",
"Mon Aug 07 2023 11:45:00 GMT+0530 (India Standard Time)","25.4","26.4","24.75","25.35","6240","129735",
"Mon Aug 07 2023 12:00:00 GMT+0530 (India Standard Time)","25.15","26","24.25","25.05","7665","128535",
"Mon Aug 07 2023 12:15:00 GMT+0530 (India Standard Time)","25.1","26.25","24.9","25.9","7380","129300",
"Mon Aug 07 2023 12:30:00 GMT+0530 (India Standard Time)","26.4","26.45","24.35","25.05","23490","130500",
"Mon Aug 07 2023 12:45:00 GMT+0530 (India Standard Time)","25.05","25.55","23.8","24.4","14310","131445",
"Mon Aug 07 2023 13:00:00 GMT+0530 (India Standard Time)","24.15","25.6","23.75","25","27405","122685",
"Mon Aug 07 2023 13:15:00 GMT+0530 (India Standard Time)","25.05","28.2","24.8","28.2","14400","124020",
"Mon Aug 07 2023 13:30:00 GMT+0530 (India Standard Time)","27.9","28.4","26.1","27.4","26055","124860",
"Mon Aug 07 2023 13:45:00 GMT+0530 (India Standard Time)","27.1","27.35","24.35","24.6","20475","139860",
"Mon Aug 07 2023 14:00:00 GMT+0530 (India Standard Time)","24.65","24.75","22.1","22.6","21240","139635",
"Mon Aug 07 2023 14:15:00 GMT+0530 (India Standard Time)","22.6","23.4","21.6","23","34470","140670",
"Mon Aug 07 2023 14:30:00 GMT+0530 (India Standard Time)","22.4","23.3","21.7","23","10350","139875",
"Mon Aug 07 2023 14:45:00 GMT+0530 (India Standard Time)","22.65","23.1","21.25","22.8","40485","147240",
"Mon Aug 07 2023 15:00:00 GMT+0530 (India Standard Time)","22.95","23.15","21.55","22.9","47220","152610",
"Mon Aug 07 2023 15:15:00 GMT+0530 (India Standard Time)","22.85","23.75","22.5","23.6","57480","167580",
"Tue Aug 08 2023 09:15:00 GMT+0530 (India Standard Time)","23.25","23.25","21.7","22.45","52396","172785",
"Tue Aug 08 2023 09:30:00 GMT+0530 (India Standard Time)","22.6","22.75","21.35","21.5","22605","176805",
"Tue Aug 08 2023 09:45:00 GMT+0530 (India Standard Time)","21.55","21.85","20.75","21.4","15300","177840",
"Tue Aug 08 2023 10:00:00 GMT+0530 (India Standard Time)","21.45","23.05","21.25","22.3","14715","177345",
"Tue Aug 08 2023 10:15:00 GMT+0530 (India Standard Time)","22.65","27.9","22.4","26.65","49395","169140",
"Tue Aug 08 2023 10:30:00 GMT+0530 (India Standard Time)","27.2","33.15","26.6","31.55","45345","170025",
"Tue Aug 08 2023 10:45:00 GMT+0530 (India Standard Time)","31.6","32.2","28.55","29.9","26880","168630",
"Tue Aug 08 2023 11:00:00 GMT+0530 (India Standard Time)","29.35","30.75","24.4","24.7","35460","169635",
"Tue Aug 08 2023 11:15:00 GMT+0530 (India Standard Time)","24.4","24.5","22.8","23.15","17820","173400",
"Tue Aug 08 2023 11:30:00 GMT+0530 (India Standard Time)","22.85","24.1","21.9","24.1","11985","175815",
"Tue Aug 08 2023 11:45:00 GMT+0530 (India Standard Time)","23.9","25.65","23.3","23.35","22095","173265",
"Tue Aug 08 2023 12:00:00 GMT+0530 (India Standard Time)","23.2","25.3","22.8","24.95","15195","175695",
"Tue Aug 08 2023 12:15:00 GMT+0530 (India Standard Time)","24.85","25.55","23.95","24.7","9540","177735",
"Tue Aug 08 2023 12:30:00 GMT+0530 (India Standard Time)","24.85","25.95","23.6","24.15","8580","179685",
"Tue Aug 08 2023 12:45:00 GMT+0530 (India Standard Time)","24.2","24.6","22.45","22.65","11835","182775",
"Tue Aug 08 2023 13:00:00 GMT+0530 (India Standard Time)","22.55","24.15","22.4","23.35","6990","180180",
"Tue Aug 08 2023 13:15:00 GMT+0530 (India Standard Time)","23.5","24.95","23.1","23.65","6795","180585",
"Tue Aug 08 2023 13:30:00 GMT+0530 (India Standard Time)","23.6","24.3","22.5","23.15","10680","184050",
"Tue Aug 08 2023 13:45:00 GMT+0530 (India Standard Time)","22.8","23","22.05","22.6","14010","187830",
"Tue Aug 08 2023 14:00:00 GMT+0530 (India Standard Time)","22.45","22.65","21.8","22.2","46245","210330",
"Tue Aug 08 2023 14:15:00 GMT+0530 (India Standard Time)","22.35","23.65","21.3","23.05","34020","220410",
"Tue Aug 08 2023 14:30:00 GMT+0530 (India Standard Time)","23.35","23.35","21.3","21.5","16365","221700",
"Tue Aug 08 2023 14:45:00 GMT+0530 (India Standard Time)","21.35","21.5","19.3","19.6","38805","225495",
"Tue Aug 08 2023 15:00:00 GMT+0530 (India Standard Time)","19.55","20.2","19","19.55","65430","226485",
"Tue Aug 08 2023 15:15:00 GMT+0530 (India Standard Time)","19.45","20.75","19.3","20.75","108555","279795",
"Wed Aug 09 2023 09:15:00 GMT+0530 (India Standard Time)","20.05","21.4","16.2","16.4","114121","274440",
"Wed Aug 09 2023 09:30:00 GMT+0530 (India Standard Time)","16.2","17.8","16.2","17.55","88005","285360",
"Wed Aug 09 2023 09:45:00 GMT+0530 (India Standard Time)","17.7","17.9","16.9","17.5","45210","281790",
"Wed Aug 09 2023 10:00:00 GMT+0530 (India Standard Time)","17.5","17.7","16.1","16.6","26325","274800",
"Wed Aug 09 2023 10:15:00 GMT+0530 (India Standard Time)","16.55","17.05","16.25","16.4","27630","271425",
"Wed Aug 09 2023 10:30:00 GMT+0530 (India Standard Time)","16.45","17.05","16.1","16.25","30405","271380",
"Wed Aug 09 2023 10:45:00 GMT+0530 (India Standard Time)","16.3","16.85","16.2","16.4","16695","270570",
"Wed Aug 09 2023 11:00:00 GMT+0530 (India Standard Time)","16.4","16.65","15.75","16.2","30375","270915",
"Wed Aug 09 2023 11:15:00 GMT+0530 (India Standard Time)","16.25","16.75","16.15","16.2","31170","279960",
"Wed Aug 09 2023 11:30:00 GMT+0530 (India Standard Time)","16.15","16.45","15.65","15.7","21270","281970",
"Wed Aug 09 2023 11:45:00 GMT+0530 (India Standard Time)","15.7","16.2","15.5","16.2","27030","280005",
"Wed Aug 09 2023 12:00:00 GMT+0530 (India Standard Time)","16.2","16.2","15.7","16.05","35520","272010",
"Wed Aug 09 2023 12:15:00 GMT+0530 (India Standard Time)","16","16.2","15.7","15.95","12975","271080",
"Wed Aug 09 2023 12:30:00 GMT+0530 (India Standard Time)","16.15","16.75","15.85","16.1","11820","273285",
"Wed Aug 09 2023 12:45:00 GMT+0530 (India Standard Time)","16.25","16.25","15.9","16.2","9060","274035",
"Wed Aug 09 2023 13:00:00 GMT+0530 (India Standard Time)","16.25","16.4","15.5","15.5","14100","276945",
"Wed Aug 09 2023 13:15:00 GMT+0530 (India Standard Time)","15.6","15.6","14.95","15.05","12075","279810",
"Wed Aug 09 2023 13:30:00 GMT+0530 (India Standard Time)","15.05","15.85","14.95","15.85","44175","282120",
"Wed Aug 09 2023 13:45:00 GMT+0530 (India Standard Time)","15.75","16.15","15.25","15.85","19695","291930",
"Wed Aug 09 2023 14:00:00 GMT+0530 (India Standard Time)","16.05","16.2","15.25","15.75","37890","292950",
"Wed Aug 09 2023 14:15:00 GMT+0530 (India Standard Time)","15.65","16","15.35","15.6","23415","292860",
"Wed Aug 09 2023 14:30:00 GMT+0530 (India Standard Time)","15.7","16.15","15.5","15.55","68340","297795",
"Wed Aug 09 2023 14:45:00 GMT+0530 (India Standard Time)","15.75","16.75","15.75","16.1","75180","308805",
"Wed Aug 09 2023 15:00:00 GMT+0530 (India Standard Time)","16.1","17.6","15.8","17.1","90120","317790",
"Wed Aug 09 2023 15:15:00 GMT+0530 (India Standard Time)","17.05","17.6","16.3","16.8","96495","329310",
"Thu Aug 10 2023 09:15:00 GMT+0530 (India Standard Time)","16.3","17","12.15","14.9","130577","354750",
"Thu Aug 10 2023 09:30:00 GMT+0530 (India Standard Time)","14.9","15.75","14.75","15.15","119955","379065",
"Thu Aug 10 2023 09:45:00 GMT+0530 (India Standard Time)","15.35","15.65","14.25","14.7","49740","397095",
"Thu Aug 10 2023 10:00:00 GMT+0530 (India Standard Time)","14.85","17.8","14","16.9","165315","415245",
"Thu Aug 10 2023 10:15:00 GMT+0530 (India Standard Time)","16.95","18.1","10.15","13.7","290145","456750",
"Thu Aug 10 2023 10:30:00 GMT+0530 (India Standard Time)","13.7","15.5","13.3","15.15","233835","516375",
"Thu Aug 10 2023 10:45:00 GMT+0530 (India Standard Time)","15.3","15.5","13.55","13.65","154725","525135",
"Thu Aug 10 2023 11:00:00 GMT+0530 (India Standard Time)","13.7","14.75","13.3","13.35","59490","531660",
"Thu Aug 10 2023 11:15:00 GMT+0530 (India Standard Time)","13.35","14.3","13.15","13.3","60570","545985",
"Thu Aug 10 2023 11:30:00 GMT+0530 (India Standard Time)","13.2","13.7","12.7","13.35","49290","546825",
"Thu Aug 10 2023 11:45:00 GMT+0530 (India Standard Time)","13.35","14","12.65","12.65","64035","538380",
"Thu Aug 10 2023 12:00:00 GMT+0530 (India Standard Time)","12.7","12.95","11.3","11.35","58860","544005",
"Thu Aug 10 2023 12:15:00 GMT+0530 (India Standard Time)","11.35","11.45","10.15","11.4","83940","555450",
"Thu Aug 10 2023 12:30:00 GMT+0530 (India Standard Time)","11.3","12.3","10.95","11","61605","556395",
"Thu Aug 10 2023 12:45:00 GMT+0530 (India Standard Time)","11.05","11.55","10.7","11.1","33780","558720",
"Thu Aug 10 2023 13:00:00 GMT+0530 (India Standard Time)","11.1","11.85","10.65","11.7","84930","538965",
"Thu Aug 10 2023 13:15:00 GMT+0530 (India Standard Time)","11.75","11.95","10.6","11","84105","536505",
"Thu Aug 10 2023 13:30:00 GMT+0530 (India Standard Time)","11.05","11.1","10.05","10.6","88815","545385",
"Thu Aug 10 2023 13:45:00 GMT+0530 (India Standard Time)","10.65","10.65","9.55","10.1","216435","607215",
"Thu Aug 10 2023 14:00:00 GMT+0530 (India Standard Time)","10.2","10.2","8.35","8.45","121980","601320",
"Thu Aug 10 2023 14:15:00 GMT+0530 (India Standard Time)","8.4","8.65","7.5","8.35","201075","590505",
"Thu Aug 10 2023 14:30:00 GMT+0530 (India Standard Time)","8.4","8.55","7.7","7.9","190290","640695",
"Thu Aug 10 2023 14:45:00 GMT+0530 (India Standard Time)","7.95","8.65","7.95","8.3","348420","764955",
"Thu Aug 10 2023 15:00:00 GMT+0530 (India Standard Time)","8.3","9.35","8.3","8.7","929430","1233390",
"Thu Aug 10 2023 15:15:00 GMT+0530 (India Standard Time)","8.65","8.75","8.05","8.4","866925","1366485",
"Fri Aug 11 2023 09:15:00 GMT+0530 (India Standard Time)","8","8.7","6.5","6.6","2176727","1624950",
"Fri Aug 11 2023 09:30:00 GMT+0530 (India Standard Time)","6.6","6.95","6.4","6.6","897225","1890495",
"Fri Aug 11 2023 09:45:00 GMT+0530 (India Standard Time)","6.55","6.95","6.55","6.75","596130","2075655",
"Fri Aug 11 2023 10:00:00 GMT+0530 (India Standard Time)","6.75","6.8","6.6","6.75","207975","2082360",
"Fri Aug 11 2023 10:15:00 GMT+0530 (India Standard Time)","6.7","7","6.7","6.95","269985","2112855",
"Fri Aug 11 2023 10:30:00 GMT+0530 (India Standard Time)","6.9","7.05","6.75","6.85","317580","2188860",
"Fri Aug 11 2023 10:45:00 GMT+0530 (India Standard Time)","6.85","7","6.75","6.85","208755","2261295",
"Fri Aug 11 2023 11:00:00 GMT+0530 (India Standard Time)","6.85","6.85","6.5","6.65","322470","2314440",
"Fri Aug 11 2023 11:15:00 GMT+0530 (India Standard Time)","6.6","6.7","6.4","6.55","189045","2319360",
"Fri Aug 11 2023 11:30:00 GMT+0530 (India Standard Time)","6.55","6.6","6.45","6.6","130560","2295060",
"Fri Aug 11 2023 11:45:00 GMT+0530 (India Standard Time)","6.55","6.65","6.45","6.6","105855","2283450",
"Fri Aug 11 2023 12:00:00 GMT+0530 (India Standard Time)","6.6","6.6","6.1","6.25","221295","2277360",
"Fri Aug 11 2023 12:15:00 GMT+0530 (India Standard Time)","6.25","6.3","6.1","6.2","111735","2254650",
"Fri Aug 11 2023 12:30:00 GMT+0530 (India Standard Time)","6.15","6.2","6","6","126975","2234145",
"Fri Aug 11 2023 12:45:00 GMT+0530 (India Standard Time)","6","6.45","6","6.25","214950","2205990",
"Fri Aug 11 2023 13:00:00 GMT+0530 (India Standard Time)","6.2","6.5","5.55","5.8","811830","2030415",
"Fri Aug 11 2023 13:15:00 GMT+0530 (India Standard Time)","5.8","5.85","5.2","5.65","423030","2010600",
"Fri Aug 11 2023 13:30:00 GMT+0530 (India Standard Time)","5.65","5.9","5.55","5.9","186570","2007990",
"Fri Aug 11 2023 13:45:00 GMT+0530 (India Standard Time)","5.9","5.9","5.65","5.7","253215","2077815",
"Fri Aug 11 2023 14:00:00 GMT+0530 (India Standard Time)","5.7","5.9","5.65","5.85","327675","2167305",
"Fri Aug 11 2023 14:15:00 GMT+0530 (India Standard Time)","5.85","6.05","5.8","5.9","301005","2265285",
"Fri Aug 11 2023 14:30:00 GMT+0530 (India Standard Time)","5.95","6.5","5.8","6.3","596475","2392005",
"Fri Aug 11 2023 14:45:00 GMT+0530 (India Standard Time)","6.3","6.75","6.2","6.35","492855","2644305",
"Fri Aug 11 2023 15:00:00 GMT+0530 (India Standard Time)","6.35","6.5","6.05","6.25","764955","2704455",
"Fri Aug 11 2023 15:15:00 GMT+0530 (India Standard Time)","6.2","6.25","5.45","5.65","1388460","2439165",
"Mon Aug 14 2023 09:15:00 GMT+0530 (India Standard Time)","5.75","6","4.95","5.45","1689542","2472345",
"Mon Aug 14 2023 09:30:00 GMT+0530 (India Standard Time)","5.5","5.55","4.85","5.5","967110","2427975",
"Mon Aug 14 2023 09:45:00 GMT+0530 (India Standard Time)","5.5","5.95","5.5","5.7","1004100","2588520",
"Mon Aug 14 2023 10:00:00 GMT+0530 (India Standard Time)","5.7","5.95","5.3","5.45","591105","2439420",
"Mon Aug 14 2023 10:15:00 GMT+0530 (India Standard Time)","5.45","5.75","5.05","5.4","603795","2441700",
"Mon Aug 14 2023 10:30:00 GMT+0530 (India Standard Time)","5.4","5.55","5.25","5.35","292380","2403810",
"Mon Aug 14 2023 10:45:00 GMT+0530 (India Standard Time)","5.35","5.5","5.1","5.2","210855","2370450",
"Mon Aug 14 2023 11:00:00 GMT+0530 (India Standard Time)","5.15","5.45","5","5.1","290475","2345595",
"Mon Aug 14 2023 11:15:00 GMT+0530 (India Standard Time)","5.1","5.2","4.65","4.8","430140","2273100",
"Mon Aug 14 2023 11:30:00 GMT+0530 (India Standard Time)","4.8","5","4.55","4.7","231960","2252385",
"Mon Aug 14 2023 11:45:00 GMT+0530 (India Standard Time)","4.65","4.7","4.3","4.55","217770","2214930",
"Mon Aug 14 2023 12:00:00 GMT+0530 (India Standard Time)","4.5","4.8","4.15","4.25","298440","2200260",
"Mon Aug 14 2023 12:15:00 GMT+0530 (India Standard Time)","4.2","4.35","4","4.05","318855","2076225",
"Mon Aug 14 2023 12:30:00 GMT+0530 (India Standard Time)","4.05","4.15","3.95","3.95","186045","2065860",
"Mon Aug 14 2023 12:45:00 GMT+0530 (India Standard Time)","4","4.3","4","4.3","198630","2044215",
"Mon Aug 14 2023 13:00:00 GMT+0530 (India Standard Time)","4.3","4.4","4.15","4.25","193620","2071560",
"Mon Aug 14 2023 13:15:00 GMT+0530 (India Standard Time)","4.2","4.45","4","4","117765","2062995",
"Mon Aug 14 2023 13:30:00 GMT+0530 (India Standard Time)","4","4.1","3.8","4.05","309075","2020335",
"Mon Aug 14 2023 13:45:00 GMT+0530 (India Standard Time)","4","4.4","3.9","4.4","318015","1996485",
"Mon Aug 14 2023 14:00:00 GMT+0530 (India Standard Time)","4.4","5.15","4.35","4.7","522180","2048955",
"Mon Aug 14 2023 14:15:00 GMT+0530 (India Standard Time)","4.65","5","3.45","3.7","820380","2067720",
"Mon Aug 14 2023 14:30:00 GMT+0530 (India Standard Time)","3.7","4.15","3.65","3.9","295530","2096025",
"Mon Aug 14 2023 14:45:00 GMT+0530 (India Standard Time)","3.9","4.2","3.45","3.5","333045","2062920",
"Mon Aug 14 2023 15:00:00 GMT+0530 (India Standard Time)","3.5","3.5","3.2","3.3","847980","1972860",
"Mon Aug 14 2023 15:15:00 GMT+0530 (India Standard Time)","3.3","3.55","3","3.2","913740","1942080",
"Wed Aug 16 2023 09:15:00 GMT+0530 (India Standard Time)","3.35","3.55","2.9","3.25","1536767","2010450",
"Wed Aug 16 2023 09:30:00 GMT+0530 (India Standard Time)","3.25","3.4","3.15","3.2","784650","2083965",
"Wed Aug 16 2023 09:45:00 GMT+0530 (India Standard Time)","3.2","3.45","3.2","3.3","569160","2090235",
"Wed Aug 16 2023 10:00:00 GMT+0530 (India Standard Time)","3.3","3.35","2.95","3","362460","2040405",
"Wed Aug 16 2023 10:15:00 GMT+0530 (India Standard Time)","3","3.1","2.65","2.7","368235","1991610",
"Wed Aug 16 2023 10:30:00 GMT+0530 (India Standard Time)","2.7","3.05","2.7","2.85","287775","1989930",
"Wed Aug 16 2023 10:45:00 GMT+0530 (India Standard Time)","2.85","2.9","2.6","2.65","438135","1979415",
"Wed Aug 16 2023 11:00:00 GMT+0530 (India Standard Time)","2.65","2.7","2.55","2.7","123030","1993410",
"Wed Aug 16 2023 11:15:00 GMT+0530 (India Standard Time)","2.7","2.7","2.5","2.6","139320","2010840",
"Wed Aug 16 2023 11:30:00 GMT+0530 (India Standard Time)","2.6","2.85","2.55","2.7","483450","2010900",
"Wed Aug 16 2023 11:45:00 GMT+0530 (India Standard Time)","2.7","2.8","2.5","2.55","232095","2015790",
"Wed Aug 16 2023 12:00:00 GMT+0530 (India Standard Time)","2.55","2.55","2.4","2.4","336345","1998375",
"Wed Aug 16 2023 12:15:00 GMT+0530 (India Standard Time)","2.4","2.7","2.3","2.65","210000","2005125",
"Wed Aug 16 2023 12:30:00 GMT+0530 (India Standard Time)","2.65","2.7","2.3","2.35","273360","1992780",
"Wed Aug 16 2023 12:45:00 GMT+0530 (India Standard Time)","2.35","2.35","2.25","2.3","181740","1972545",
"Wed Aug 16 2023 13:00:00 GMT+0530 (India Standard Time)","2.3","2.7","2.3","2.35","344970","1970130",
"Wed Aug 16 2023 13:15:00 GMT+0530 (India Standard Time)","2.4","2.4","2","2.2","337635","1943055",
"Wed Aug 16 2023 13:30:00 GMT+0530 (India Standard Time)","2.2","2.45","2.15","2.45","164220","1947180",
"Wed Aug 16 2023 13:45:00 GMT+0530 (India Standard Time)","2.45","2.45","2.15","2.3","360735","1946895",
"Wed Aug 16 2023 14:00:00 GMT+0530 (India Standard Time)","2.25","2.3","2","2.3","394740","1941330",
"Wed Aug 16 2023 14:15:00 GMT+0530 (India Standard Time)","2.25","2.3","1.95","2.1","172635","1932390",
"Wed Aug 16 2023 14:30:00 GMT+0530 (India Standard Time)","2.05","2.15","1.9","2.1","235350","1918110",
"Wed Aug 16 2023 14:45:00 GMT+0530 (India Standard Time)","2.05","2.55","2","2.1","656295","1962180",
"Wed Aug 16 2023 15:00:00 GMT+0530 (India Standard Time)","2.05","2.2","1.75","2.1","718470","1881045",
"Wed Aug 16 2023 15:15:00 GMT+0530 (India Standard Time)","2.05","2.1","1.65","1.75","1195440","1691910",
"Thu Aug 17 2023 09:15:00 GMT+0530 (India Standard Time)","1.8","2.15","1.65","1.95","1510786","1855545",
"Thu Aug 17 2023 09:30:00 GMT+0530 (India Standard Time)","1.95","2.3","1.65","1.85","1140315","1933680",
"Thu Aug 17 2023 09:45:00 GMT+0530 (India Standard Time)","1.85","2.2","1.8","2.2","710775","1937955",
"Thu Aug 17 2023 10:00:00 GMT+0530 (India Standard Time)","2.2","2.3","1.7","1.95","892860","1955805",
"Thu Aug 17 2023 10:15:00 GMT+0530 (India Standard Time)","2","2.05","1.8","1.9","320160","1949460",
"Thu Aug 17 2023 10:30:00 GMT+0530 (India Standard Time)","1.9","2.15","1.7","1.9","394410","1942860",
"Thu Aug 17 2023 10:45:00 GMT+0530 (India Standard Time)","1.95","2.2","1.85","1.85","445200","1956510",
"Thu Aug 17 2023 11:00:00 GMT+0530 (India Standard Time)","1.85","2.05","1.35","1.45","559935","1950420",
"Thu Aug 17 2023 11:15:00 GMT+0530 (India Standard Time)","1.45","1.95","1.3","1.95","790110","1925295",
"Thu Aug 17 2023 11:30:00 GMT+0530 (India Standard Time)","1.95","2.1","1.35","1.4","735570","1934220",
"Thu Aug 17 2023 11:45:00 GMT+0530 (India Standard Time)","1.45","1.5","1.2","1.25","440985","1943145",
"Thu Aug 17 2023 12:00:00 GMT+0530 (India Standard Time)","1.25","1.4","1.2","1.25","550740","1918560",
"Thu Aug 17 2023 12:15:00 GMT+0530 (India Standard Time)","1.3","1.65","1.25","1.6","675555","1814085",
"Thu Aug 17 2023 12:30:00 GMT+0530 (India Standard Time)","1.6","1.75","1.4","1.5","591075","1848300",
"Thu Aug 17 2023 12:45:00 GMT+0530 (India Standard Time)","1.5","1.75","1.4","1.4","661530","1858185",
"Thu Aug 17 2023 13:00:00 GMT+0530 (India Standard Time)","1.4","1.6","0.9","1.1","687270","1852965",
"Thu Aug 17 2023 13:15:00 GMT+0530 (India Standard Time)","1.05","1.1","0.65","0.75","518055","1826880",
"Thu Aug 17 2023 13:30:00 GMT+0530 (India Standard Time)","0.75","0.8","0.55","0.6","320715","1814550",
"Thu Aug 17 2023 13:45:00 GMT+0530 (India Standard Time)","0.6","0.7","0.5","0.55","250905","1807680",
"Thu Aug 17 2023 14:00:00 GMT+0530 (India Standard Time)","0.55","0.55","0.3","0.4","400125","1755285",
"Thu Aug 17 2023 14:15:00 GMT+0530 (India Standard Time)","0.35","0.45","0.3","0.3","340050","1725315",
"Thu Aug 17 2023 14:30:00 GMT+0530 (India Standard Time)","0.3","0.45","0.25","0.25","250185","1702665",
"Thu Aug 17 2023 14:45:00 GMT+0530 (India Standard Time)","0.25","0.3","0.05","0.05","401550","1639290",
"Thu Aug 17 2023 15:00:00 GMT+0530 (India Standard Time)","0.1","0.1","0.05","0.05","272010","1513650",
"Thu Aug 17 2023 15:15:00 GMT+0530 (India Standard Time)","0.05","0.05","0.05","0.05","14505","1486305",
