www.gocharting.com

date,open,high,low,close,volume,open_interest
"Mon Jul 24 2023 10:15:00 GMT+0530 (India Standard Time)","847.35","847.35","847.35","847.35","16","",
"Mon Jul 24 2023 13:30:00 GMT+0530 (India Standard Time)","762.6","762.6","762.6","762.6","15","15",
"Mon Jul 24 2023 14:00:00 GMT+0530 (India Standard Time)","762.6","762.6","762.6","762.6","15","",
"Mon Jul 24 2023 14:30:00 GMT+0530 (India Standard Time)","762.6","762.6","762.6","762.6","15","15",
"Mon Jul 24 2023 15:00:00 GMT+0530 (India Standard Time)","747.85","747.85","747.85","747.85","15","",
"Tue Jul 25 2023 10:00:00 GMT+0530 (India Standard Time)","750","750","750","750","16","15",
"Tue Jul 25 2023 10:30:00 GMT+0530 (India Standard Time)","725.55","725.55","725","725","30","30",
"Tue Jul 25 2023 11:00:00 GMT+0530 (India Standard Time)","691.2","691.2","688.35","688.35","720","705",
"Tue Jul 25 2023 11:15:00 GMT+0530 (India Standard Time)","686.35","698.1","683","698.1","195","735",
"Tue Jul 25 2023 11:30:00 GMT+0530 (India Standard Time)","690.7","690.7","690.7","690.7","45","885",
"Tue Jul 25 2023 12:15:00 GMT+0530 (India Standard Time)","676.25","676.25","676.25","676.25","15","930",
"Tue Jul 25 2023 12:30:00 GMT+0530 (India Standard Time)","676.25","676.25","676.25","676.25","30","945",
"Tue Jul 25 2023 12:45:00 GMT+0530 (India Standard Time)","682.45","682.45","682.45","682.45","300","945",
"Tue Jul 25 2023 13:15:00 GMT+0530 (India Standard Time)","671.15","671.15","671.15","671.15","15","960",
"Tue Jul 25 2023 13:30:00 GMT+0530 (India Standard Time)","589.6","589.6","589.6","589.6","15","975",
"Tue Jul 25 2023 13:45:00 GMT+0530 (India Standard Time)","589.6","589.6","589.6","589.6","15","990",
"Tue Jul 25 2023 14:00:00 GMT+0530 (India Standard Time)","577.65","577.65","577.65","577.65","30","990",
"Tue Jul 25 2023 14:15:00 GMT+0530 (India Standard Time)","616.3","636","616.3","630.25","330","1020",
"Tue Jul 25 2023 14:30:00 GMT+0530 (India Standard Time)","630.25","680","630.25","680","60","1140",
"Tue Jul 25 2023 15:15:00 GMT+0530 (India Standard Time)","688.15","688.15","688.15","688.15","45","1155",
"Wed Jul 26 2023 09:30:00 GMT+0530 (India Standard Time)","650","650","650","650","16","1110",
"Wed Jul 26 2023 09:45:00 GMT+0530 (India Standard Time)","675.6","675.6","675.6","675.6","30","1125",
"Wed Jul 26 2023 10:00:00 GMT+0530 (India Standard Time)","705.8","705.8","705.8","705.8","15","1155",
"Wed Jul 26 2023 10:15:00 GMT+0530 (India Standard Time)","705.8","705.8","705.8","705.8","45","1170",
"Wed Jul 26 2023 11:00:00 GMT+0530 (India Standard Time)","685","685","685","685","945","1170",
"Wed Jul 26 2023 11:15:00 GMT+0530 (India Standard Time)","673.85","695.25","670","691.05","1455","2850",
"Wed Jul 26 2023 11:30:00 GMT+0530 (India Standard Time)","690.1","700.8","690.1","700.8","75","2865",
"Wed Jul 26 2023 11:45:00 GMT+0530 (India Standard Time)","700.85","703.3","690.3","703.3","90","2850",
"Wed Jul 26 2023 12:00:00 GMT+0530 (India Standard Time)","710","710","710","710","30","2850",
"Wed Jul 26 2023 12:30:00 GMT+0530 (India Standard Time)","704.1","717.1","704.1","717.1","75","2835",
"Wed Jul 26 2023 12:45:00 GMT+0530 (India Standard Time)","717.1","718.7","717.1","717.1","1800","1410",
"Wed Jul 26 2023 13:15:00 GMT+0530 (India Standard Time)","720","720","720","720","15","1395",
"Wed Jul 26 2023 13:30:00 GMT+0530 (India Standard Time)","737.05","737.05","725.2","725.2","90","1395",
"Wed Jul 26 2023 14:15:00 GMT+0530 (India Standard Time)","727.25","759.95","727.25","759.95","195","1440",
"Wed Jul 26 2023 14:45:00 GMT+0530 (India Standard Time)","690.45","698.95","690.45","698.95","90","1440",
"Wed Jul 26 2023 15:00:00 GMT+0530 (India Standard Time)","739","739","738.4","738.4","75","1485",
"Wed Jul 26 2023 15:15:00 GMT+0530 (India Standard Time)","740","748.55","730.95","730.95","120","1500",
"Thu Jul 27 2023 09:15:00 GMT+0530 (India Standard Time)","818.2","830","818.2","830","106","1485",
"Thu Jul 27 2023 09:30:00 GMT+0530 (India Standard Time)","852.5","852.5","852.5","852.5","90","1425",
"Thu Jul 27 2023 09:45:00 GMT+0530 (India Standard Time)","852.5","852.5","808.45","808.45","45","1530",
"Thu Jul 27 2023 10:00:00 GMT+0530 (India Standard Time)","808.45","808.45","808.45","808.45","75","1515",
"Thu Jul 27 2023 10:15:00 GMT+0530 (India Standard Time)","855","880","855","880","480","1605",
"Thu Jul 27 2023 10:45:00 GMT+0530 (India Standard Time)","829.7","829.7","829.7","829.7","45","1725",
"Thu Jul 27 2023 11:00:00 GMT+0530 (India Standard Time)","745.7","776.15","745.7","776.15","150","1710",
"Thu Jul 27 2023 11:15:00 GMT+0530 (India Standard Time)","741.1","741.1","700","700","195","1875",
"Thu Jul 27 2023 11:30:00 GMT+0530 (India Standard Time)","700","700","700","700","15","1965",
"Thu Jul 27 2023 11:45:00 GMT+0530 (India Standard Time)","681.2","702.1","668","702.1","210","1995",
"Thu Jul 27 2023 12:00:00 GMT+0530 (India Standard Time)","695.85","695.85","661.6","661.6","315","2205",
"Thu Jul 27 2023 12:15:00 GMT+0530 (India Standard Time)","651.5","651.5","650","650","105","2220",
"Thu Jul 27 2023 12:30:00 GMT+0530 (India Standard Time)","650","656.15","650","656.15","645","2835",
"Thu Jul 27 2023 12:45:00 GMT+0530 (India Standard Time)","636.1","663.65","636.1","644.95","75","2880",
"Thu Jul 27 2023 13:00:00 GMT+0530 (India Standard Time)","635.65","660.6","619.15","660.6","990","2655",
"Thu Jul 27 2023 13:15:00 GMT+0530 (India Standard Time)","650","650","630.75","630.75","75","2745",
"Thu Jul 27 2023 13:30:00 GMT+0530 (India Standard Time)","620","650","620","650","180","2940",
"Thu Jul 27 2023 14:00:00 GMT+0530 (India Standard Time)","635","652","635","635.2","270","3000",
"Thu Jul 27 2023 14:15:00 GMT+0530 (India Standard Time)","635.1","640.05","625.1","640.05","165","3045",
"Thu Jul 27 2023 14:30:00 GMT+0530 (India Standard Time)","621.1","621.1","590","590","210","3120",
"Thu Jul 27 2023 14:45:00 GMT+0530 (India Standard Time)","590","590","571","571","60","3150",
"Thu Jul 27 2023 15:00:00 GMT+0530 (India Standard Time)","571","598.95","571","598.8","165","3180",
"Thu Jul 27 2023 15:15:00 GMT+0530 (India Standard Time)","607.95","619.05","595.4","613.05","195","3240",
"Fri Jul 28 2023 09:15:00 GMT+0530 (India Standard Time)","542","618","428.2","442.55","782","3390",
"Fri Jul 28 2023 09:30:00 GMT+0530 (India Standard Time)","442.55","469","442.55","459.85","270","3660",
"Fri Jul 28 2023 09:45:00 GMT+0530 (India Standard Time)","440","468.45","434.6","468.45","120","3795",
"Fri Jul 28 2023 10:00:00 GMT+0530 (India Standard Time)","434.55","454.4","426.3","426.3","90","3795",
"Fri Jul 28 2023 10:15:00 GMT+0530 (India Standard Time)","426.3","426.3","422.6","422.6","180","3825",
"Fri Jul 28 2023 10:30:00 GMT+0530 (India Standard Time)","437.35","442","437.35","442","30","3855",
"Fri Jul 28 2023 10:45:00 GMT+0530 (India Standard Time)","461.9","461.9","434.65","434.65","105","3900",
"Fri Jul 28 2023 11:15:00 GMT+0530 (India Standard Time)","422","425","422","425","195","3975",
"Fri Jul 28 2023 11:30:00 GMT+0530 (India Standard Time)","425","425","420","420","75","3930",
"Fri Jul 28 2023 11:45:00 GMT+0530 (India Standard Time)","420","427","420","427","375","3960",
"Fri Jul 28 2023 12:00:00 GMT+0530 (India Standard Time)","418.55","418.55","412","412","180","4320",
"Fri Jul 28 2023 12:15:00 GMT+0530 (India Standard Time)","400","414","400","414","630","4755",
"Fri Jul 28 2023 12:30:00 GMT+0530 (India Standard Time)","420","420","414.05","417","255","4530",
"Fri Jul 28 2023 12:45:00 GMT+0530 (India Standard Time)","412.5","412.9","400","411.95","855","5085",
"Fri Jul 28 2023 13:15:00 GMT+0530 (India Standard Time)","392.8","392.95","377","392.95","420","5370",
"Fri Jul 28 2023 13:30:00 GMT+0530 (India Standard Time)","396.2","396.2","364","364","285","5460",
"Fri Jul 28 2023 13:45:00 GMT+0530 (India Standard Time)","366.95","366.95","365","365","90","5520",
"Fri Jul 28 2023 14:00:00 GMT+0530 (India Standard Time)","383.3","383.3","365","365","60","5580",
"Fri Jul 28 2023 14:15:00 GMT+0530 (India Standard Time)","384.4","392","384.4","392","165","5610",
"Fri Jul 28 2023 14:30:00 GMT+0530 (India Standard Time)","392","392","388","388","60","5655",
"Fri Jul 28 2023 14:45:00 GMT+0530 (India Standard Time)","400","412.05","388.3","388.3","1230","5460",
"Fri Jul 28 2023 15:00:00 GMT+0530 (India Standard Time)","406.95","442","406.95","428.3","1485","5640",
"Fri Jul 28 2023 15:15:00 GMT+0530 (India Standard Time)","433.95","434","412.7","414.3","2220","6420",
"Mon Jul 31 2023 09:15:00 GMT+0530 (India Standard Time)","412.05","412.2","395","407.9","227","7065",
"Mon Jul 31 2023 09:30:00 GMT+0530 (India Standard Time)","403.95","403.95","403.95","403.95","105","7050",
"Mon Jul 31 2023 09:45:00 GMT+0530 (India Standard Time)","403.95","420","403.95","420","150","7065",
"Mon Jul 31 2023 10:00:00 GMT+0530 (India Standard Time)","428.4","428.4","428.4","428.4","105","7110",
"Mon Jul 31 2023 10:30:00 GMT+0530 (India Standard Time)","437.5","437.5","437.5","437.5","15","7110",
"Mon Jul 31 2023 10:45:00 GMT+0530 (India Standard Time)","437.5","437.5","437.5","437.5","15","7125",
"Mon Jul 31 2023 11:00:00 GMT+0530 (India Standard Time)","442.5","457","437.95","457","555","6975",
"Mon Jul 31 2023 11:15:00 GMT+0530 (India Standard Time)","457","457","441.2","441.2","90","7215",
"Mon Jul 31 2023 11:30:00 GMT+0530 (India Standard Time)","439.5","445.45","437.3","437.3","90","7305",
"Mon Jul 31 2023 11:45:00 GMT+0530 (India Standard Time)","428.4","428.4","428.4","428.4","180","7290",
"Mon Jul 31 2023 12:00:00 GMT+0530 (India Standard Time)","428.4","428.4","428.4","428.4","75","7320",
"Mon Jul 31 2023 12:15:00 GMT+0530 (India Standard Time)","440.85","440.85","416.15","416.15","45","7305",
"Mon Jul 31 2023 12:30:00 GMT+0530 (India Standard Time)","416.15","427.2","416.15","427.2","30","7305",
"Mon Jul 31 2023 12:45:00 GMT+0530 (India Standard Time)","440","440","440","440","30","7305",
"Mon Jul 31 2023 13:00:00 GMT+0530 (India Standard Time)","440","449.95","439.55","449.95","60","7290",
"Mon Jul 31 2023 13:15:00 GMT+0530 (India Standard Time)","450","455.2","442.6","442.6","180","7185",
"Mon Jul 31 2023 13:30:00 GMT+0530 (India Standard Time)","461.55","461.55","457","457.4","135","7110",
"Mon Jul 31 2023 13:45:00 GMT+0530 (India Standard Time)","455.15","457","433.05","433.05","210","6930",
"Mon Jul 31 2023 14:00:00 GMT+0530 (India Standard Time)","461","461.5","446.55","448.2","285","6870",
"Mon Jul 31 2023 14:30:00 GMT+0530 (India Standard Time)","457.3","470.95","457.3","465.85","165","6840",
"Mon Jul 31 2023 14:45:00 GMT+0530 (India Standard Time)","460","460","444.95","444.95","45","6915",
"Mon Jul 31 2023 15:00:00 GMT+0530 (India Standard Time)","471","474","456.35","456.35","315","6870",
"Mon Jul 31 2023 15:15:00 GMT+0530 (India Standard Time)","462","475","462","471.05","135","6795",
"Tue Aug 01 2023 09:15:00 GMT+0530 (India Standard Time)","490","490.75","465.05","465.05","376","6780",
"Tue Aug 01 2023 09:30:00 GMT+0530 (India Standard Time)","465.05","465.05","450","450","705","7485",
"Tue Aug 01 2023 09:45:00 GMT+0530 (India Standard Time)","450","455","450","455","30","7530",
"Tue Aug 01 2023 10:00:00 GMT+0530 (India Standard Time)","455","466.6","455","466.6","165","7530",
"Tue Aug 01 2023 10:30:00 GMT+0530 (India Standard Time)","440","440","423.05","423.05","30","7530",
"Tue Aug 01 2023 10:45:00 GMT+0530 (India Standard Time)","410","420.05","406.5","419.6","180","7650",
"Tue Aug 01 2023 11:00:00 GMT+0530 (India Standard Time)","419.6","419.6","405.75","405.75","180","7665",
"Tue Aug 01 2023 11:15:00 GMT+0530 (India Standard Time)","409.4","409.4","400","403.15","270","7545",
"Tue Aug 01 2023 11:30:00 GMT+0530 (India Standard Time)","399","399","399","399","120","7680",
"Tue Aug 01 2023 11:45:00 GMT+0530 (India Standard Time)","408.1","408.1","408","408","150","7620",
"Tue Aug 01 2023 12:00:00 GMT+0530 (India Standard Time)","410","410","391.8","391.8","165","7650",
"Tue Aug 01 2023 12:15:00 GMT+0530 (India Standard Time)","402","402","385","385","60","7650",
"Tue Aug 01 2023 12:30:00 GMT+0530 (India Standard Time)","379.95","380","363.45","363.45","645","7695",
"Tue Aug 01 2023 12:45:00 GMT+0530 (India Standard Time)","363.45","378.5","363.45","378.4","90","7770",
"Tue Aug 01 2023 13:00:00 GMT+0530 (India Standard Time)","366.9","383.3","366.9","383.3","30","7755",
"Tue Aug 01 2023 13:15:00 GMT+0530 (India Standard Time)","383.3","383.3","383.3","383.3","15","7770",
"Tue Aug 01 2023 13:30:00 GMT+0530 (India Standard Time)","410","410","410","410","45","7770",
"Tue Aug 01 2023 13:45:00 GMT+0530 (India Standard Time)","389.5","409.75","387.7","387.7","105","7740",
"Tue Aug 01 2023 14:15:00 GMT+0530 (India Standard Time)","378.15","380","371.4","380","120","7725",
"Tue Aug 01 2023 14:30:00 GMT+0530 (India Standard Time)","407.45","407.45","407.45","407.45","225","7725",
"Tue Aug 01 2023 14:45:00 GMT+0530 (India Standard Time)","399.05","399.05","394.3","394.3","270","7275",
"Tue Aug 01 2023 15:00:00 GMT+0530 (India Standard Time)","381","402.2","381","382","105","7260",
"Tue Aug 01 2023 15:15:00 GMT+0530 (India Standard Time)","395","395","391.7","391.75","60","7260",
"Wed Aug 02 2023 09:15:00 GMT+0530 (India Standard Time)","290.15","314.55","279.5","279.5","751","7245",
"Wed Aug 02 2023 09:30:00 GMT+0530 (India Standard Time)","279","284","278.6","282.7","450","7695",
"Wed Aug 02 2023 09:45:00 GMT+0530 (India Standard Time)","282.7","286.45","280.1","284.65","255","7950",
"Wed Aug 02 2023 10:00:00 GMT+0530 (India Standard Time)","288","288","280","280","60","7950",
"Wed Aug 02 2023 10:15:00 GMT+0530 (India Standard Time)","274.95","274.95","264.95","268.25","1080","7875",
"Wed Aug 02 2023 10:30:00 GMT+0530 (India Standard Time)","265","265","227.5","250.25","1305","8775",
"Wed Aug 02 2023 10:45:00 GMT+0530 (India Standard Time)","248","253.85","245","247.7","480","8535",
"Wed Aug 02 2023 11:00:00 GMT+0530 (India Standard Time)","239.9","242.45","210.35","227.3","1005","8595",
"Wed Aug 02 2023 11:15:00 GMT+0530 (India Standard Time)","227.9","227.9","220","220","420","8880",
"Wed Aug 02 2023 11:30:00 GMT+0530 (India Standard Time)","215.45","216.45","196","213.65","2595","9030",
"Wed Aug 02 2023 11:45:00 GMT+0530 (India Standard Time)","220.4","222.05","213.9","216.25","300","9015",
"Wed Aug 02 2023 12:00:00 GMT+0530 (India Standard Time)","220.65","220.65","217.8","220.3","90","8970",
"Wed Aug 02 2023 12:15:00 GMT+0530 (India Standard Time)","218.1","218.1","217.2","217.2","45","8925",
"Wed Aug 02 2023 12:30:00 GMT+0530 (India Standard Time)","219.45","228.85","215.15","228.85","300","8655",
"Wed Aug 02 2023 12:45:00 GMT+0530 (India Standard Time)","225.55","225.55","195.65","195.65","1755","8595",
"Wed Aug 02 2023 13:00:00 GMT+0530 (India Standard Time)","200.7","210.7","200.7","201","225","8655",
"Wed Aug 02 2023 13:15:00 GMT+0530 (India Standard Time)","195","196.65","190","190.65","885","8580",
"Wed Aug 02 2023 13:30:00 GMT+0530 (India Standard Time)","188.45","196.6","177.6","177.6","855","8385",
"Wed Aug 02 2023 13:45:00 GMT+0530 (India Standard Time)","172","174.95","165.8","165.8","435","8400",
"Wed Aug 02 2023 14:00:00 GMT+0530 (India Standard Time)","165.8","176.2","165.8","167","1200","8550",
"Wed Aug 02 2023 14:15:00 GMT+0530 (India Standard Time)","167","167","161.7","161.7","405","8520",
"Wed Aug 02 2023 14:30:00 GMT+0530 (India Standard Time)","161.7","171","161.7","170.55","780","8865",
"Wed Aug 02 2023 14:45:00 GMT+0530 (India Standard Time)","169.5","188.7","167.7","180","510","9210",
"Wed Aug 02 2023 15:00:00 GMT+0530 (India Standard Time)","190.25","190.25","179.3","189.15","1320","9465",
"Wed Aug 02 2023 15:15:00 GMT+0530 (India Standard Time)","189.15","204.7","189.15","190.5","795","9345",
"Thu Aug 03 2023 09:15:00 GMT+0530 (India Standard Time)","170","210.05","152.4","188.55","961","9240",
"Thu Aug 03 2023 09:30:00 GMT+0530 (India Standard Time)","200.45","200.45","200.45","200.45","15","9255",
"Thu Aug 03 2023 09:45:00 GMT+0530 (India Standard Time)","200.35","200.35","195.75","195.75","30","9285",
"Thu Aug 03 2023 10:00:00 GMT+0530 (India Standard Time)","172.35","174.3","158","160.75","1035","9540",
"Thu Aug 03 2023 10:15:00 GMT+0530 (India Standard Time)","158.65","165.5","155","162","1005","9600",
"Thu Aug 03 2023 10:30:00 GMT+0530 (India Standard Time)","161.8","164.45","152.3","152.3","120","9390",
"Thu Aug 03 2023 10:45:00 GMT+0530 (India Standard Time)","160","160","160","160","30","9375",
"Thu Aug 03 2023 11:00:00 GMT+0530 (India Standard Time)","168.05","168.05","168.05","168.05","15","9360",
"Thu Aug 03 2023 11:15:00 GMT+0530 (India Standard Time)","168.75","168.75","168.75","168.75","30","9360",
"Thu Aug 03 2023 11:30:00 GMT+0530 (India Standard Time)","154.8","158","150.25","158","585","9540",
"Thu Aug 03 2023 11:45:00 GMT+0530 (India Standard Time)","150","150","150","150","210","9645",
"Thu Aug 03 2023 12:00:00 GMT+0530 (India Standard Time)","148","148","140","140","390","9690",
"Thu Aug 03 2023 12:15:00 GMT+0530 (India Standard Time)","138","139.65","122.5","122.5","1425","10005",
"Thu Aug 03 2023 12:30:00 GMT+0530 (India Standard Time)","122.5","122.5","118.4","120.7","765","10185",
"Thu Aug 03 2023 12:45:00 GMT+0530 (India Standard Time)","118.65","122.6","110","117.85","825","10455",
"Thu Aug 03 2023 13:00:00 GMT+0530 (India Standard Time)","112","127.8","110.3","114.5","1500","10395",
"Thu Aug 03 2023 13:15:00 GMT+0530 (India Standard Time)","116.25","116.25","109.5","109.5","1245","11010",
"Thu Aug 03 2023 13:30:00 GMT+0530 (India Standard Time)","109.5","116.15","105.55","105.55","705","11340",
"Thu Aug 03 2023 13:45:00 GMT+0530 (India Standard Time)","104.2","115.25","98.35","98.35","1845","12285",
"Thu Aug 03 2023 14:00:00 GMT+0530 (India Standard Time)","98.35","101","91.7","91.7","1395","13110",
"Thu Aug 03 2023 14:15:00 GMT+0530 (India Standard Time)","91.7","106.25","91.7","104.3","1305","14145",
"Thu Aug 03 2023 14:30:00 GMT+0530 (India Standard Time)","109.8","109.8","107","107","705","14325",
"Thu Aug 03 2023 14:45:00 GMT+0530 (India Standard Time)","106.55","106.55","97.75","97.75","90","14340",
"Thu Aug 03 2023 15:00:00 GMT+0530 (India Standard Time)","109.25","109.25","91.2","98.4","1830","13800",
"Thu Aug 03 2023 15:15:00 GMT+0530 (India Standard Time)","102.05","104.15","74.95","74.95","675","13980",
"Fri Aug 04 2023 09:15:00 GMT+0530 (India Standard Time)","107","116.9","99.9","114.6","991","13815",
"Fri Aug 04 2023 09:30:00 GMT+0530 (India Standard Time)","107.85","107.85","86.6","90","1485","14985",
"Fri Aug 04 2023 09:45:00 GMT+0530 (India Standard Time)","85","93.05","82.25","91.2","900","15105",
"Fri Aug 04 2023 10:00:00 GMT+0530 (India Standard Time)","88.5","95","88.5","95","195","15255",
"Fri Aug 04 2023 10:15:00 GMT+0530 (India Standard Time)","95","95.5","93.05","93.05","420","14940",
"Fri Aug 04 2023 10:30:00 GMT+0530 (India Standard Time)","90","100","90","100","1125","15525",
"Fri Aug 04 2023 10:45:00 GMT+0530 (India Standard Time)","100.05","108","100.05","108","615","15180",
"Fri Aug 04 2023 11:00:00 GMT+0530 (India Standard Time)","110","136","110","131.15","1035","14610",
"Fri Aug 04 2023 11:15:00 GMT+0530 (India Standard Time)","130","178.95","129.75","172","4095","14640",
"Fri Aug 04 2023 11:30:00 GMT+0530 (India Standard Time)","171.95","177.7","165.25","165.25","1215","14670",
"Fri Aug 04 2023 11:45:00 GMT+0530 (India Standard Time)","171.1","184.35","168.4","175","1215","14850",
"Fri Aug 04 2023 12:00:00 GMT+0530 (India Standard Time)","172.75","172.75","160.25","164.65","705","15180",
"Fri Aug 04 2023 12:15:00 GMT+0530 (India Standard Time)","167.15","172.1","166.3","166.3","375","15225",
"Fri Aug 04 2023 12:30:00 GMT+0530 (India Standard Time)","165","165","137.65","150","2775","15300",
"Fri Aug 04 2023 12:45:00 GMT+0530 (India Standard Time)","150.9","163.1","150","150","570","15450",
"Fri Aug 04 2023 13:00:00 GMT+0530 (India Standard Time)","153","153","145.65","145.65","150","15450",
"Fri Aug 04 2023 13:15:00 GMT+0530 (India Standard Time)","141.25","141.55","124.7","125","855","15495",
"Fri Aug 04 2023 13:30:00 GMT+0530 (India Standard Time)","125","125.95","100","113","1815","16140",
"Fri Aug 04 2023 13:45:00 GMT+0530 (India Standard Time)","115.95","115.95","115.95","115.95","135","16155",
"Fri Aug 04 2023 14:00:00 GMT+0530 (India Standard Time)","110.2","112.95","101.75","112.95","660","16455",
"Fri Aug 04 2023 14:15:00 GMT+0530 (India Standard Time)","116.7","120","109","114.95","435","16455",
"Fri Aug 04 2023 14:30:00 GMT+0530 (India Standard Time)","115.1","130","115.1","125.8","225","16380",
"Fri Aug 04 2023 14:45:00 GMT+0530 (India Standard Time)","125.85","132.05","119.85","128.65","735","16470",
"Fri Aug 04 2023 15:00:00 GMT+0530 (India Standard Time)","130","134.65","112.25","128","2820","16650",
"Fri Aug 04 2023 15:15:00 GMT+0530 (India Standard Time)","128","132.4","120.05","126.95","1875","16755",
"Mon Aug 07 2023 09:15:00 GMT+0530 (India Standard Time)","127.2","153.5","111.5","120.25","1472","17070",
"Mon Aug 07 2023 09:30:00 GMT+0530 (India Standard Time)","120.25","137.15","106.65","130","1710","17445",
"Mon Aug 07 2023 09:45:00 GMT+0530 (India Standard Time)","137","137","117.55","121.6","3135","19125",
"Mon Aug 07 2023 10:00:00 GMT+0530 (India Standard Time)","123.9","126.45","115.15","125.95","885","19380",
"Mon Aug 07 2023 10:15:00 GMT+0530 (India Standard Time)","119.55","130.65","119.5","128.65","1065","20340",
"Mon Aug 07 2023 10:30:00 GMT+0530 (India Standard Time)","129.65","130.9","122.25","126","1980","21420",
"Mon Aug 07 2023 10:45:00 GMT+0530 (India Standard Time)","123","123","105.35","105.35","1710","21675",
"Mon Aug 07 2023 11:00:00 GMT+0530 (India Standard Time)","105.35","111.5","105.35","110.15","570","21900",
"Mon Aug 07 2023 11:15:00 GMT+0530 (India Standard Time)","113.55","118.35","108.6","118.35","480","22140",
"Mon Aug 07 2023 11:30:00 GMT+0530 (India Standard Time)","112","113.5","106.25","113.5","6255","26025",
"Mon Aug 07 2023 11:45:00 GMT+0530 (India Standard Time)","113.35","116.55","107.35","109.6","3810","28695",
"Mon Aug 07 2023 12:00:00 GMT+0530 (India Standard Time)","110.2","118.05","106.25","109.85","990","29310",
"Mon Aug 07 2023 12:15:00 GMT+0530 (India Standard Time)","115.05","115.05","113.7","113.7","180","29325",
"Mon Aug 07 2023 12:30:00 GMT+0530 (India Standard Time)","121","121","109.05","109.05","1665","29490",
"Mon Aug 07 2023 12:45:00 GMT+0530 (India Standard Time)","114.75","116.8","105.15","108.1","2190","30015",
"Mon Aug 07 2023 13:00:00 GMT+0530 (India Standard Time)","110.55","113.6","108.6","113.6","1140","31980",
"Mon Aug 07 2023 13:15:00 GMT+0530 (India Standard Time)","114","125","112.1","125","1530","33135",
"Mon Aug 07 2023 13:30:00 GMT+0530 (India Standard Time)","126.3","130","120.25","124.5","2460","34200",
"Mon Aug 07 2023 13:45:00 GMT+0530 (India Standard Time)","118.75","123.8","111.25","111.25","735","34365",
"Mon Aug 07 2023 14:00:00 GMT+0530 (India Standard Time)","115.6","116.95","103.2","105","10095","37335",
"Mon Aug 07 2023 14:15:00 GMT+0530 (India Standard Time)","105","110.15","98.05","108.6","4650","45300",
"Mon Aug 07 2023 14:30:00 GMT+0530 (India Standard Time)","106.6","109.1","105","106.5","2580","45645",
"Mon Aug 07 2023 14:45:00 GMT+0530 (India Standard Time)","107.4","108.25","100","104.75","1065","45090",
"Mon Aug 07 2023 15:00:00 GMT+0530 (India Standard Time)","105","105","99.45","100.95","1230","45315",
"Mon Aug 07 2023 15:15:00 GMT+0530 (India Standard Time)","102.6","103.5","99.05","102","1800","45435",
"Tue Aug 08 2023 09:15:00 GMT+0530 (India Standard Time)","106.6","114.7","103","103","2027","43815",
"Tue Aug 08 2023 09:30:00 GMT+0530 (India Standard Time)","103.3","104.3","99.15","99.15","840","44295",
"Tue Aug 08 2023 09:45:00 GMT+0530 (India Standard Time)","101","103.95","98","103.8","885","44235",
"Tue Aug 08 2023 10:00:00 GMT+0530 (India Standard Time)","101.15","110.05","101.15","107.5","960","44070",
"Tue Aug 08 2023 10:15:00 GMT+0530 (India Standard Time)","107.5","131.25","107.5","121.3","2115","43425",
"Tue Aug 08 2023 10:30:00 GMT+0530 (India Standard Time)","127.85","153.05","114.25","153.05","2505","42825",
"Tue Aug 08 2023 10:45:00 GMT+0530 (India Standard Time)","146.55","147.4","138.4","146.1","2160","43410",
"Tue Aug 08 2023 11:00:00 GMT+0530 (India Standard Time)","140.3","140.3","119.5","119.5","885","43665",
"Tue Aug 08 2023 11:15:00 GMT+0530 (India Standard Time)","119.3","119.3","111","114","1275","43965",
"Tue Aug 08 2023 11:30:00 GMT+0530 (India Standard Time)","108","113.15","105.35","113.15","1320","43680",
"Tue Aug 08 2023 11:45:00 GMT+0530 (India Standard Time)","112.55","120.7","112.55","117.3","1185","43785",
"Tue Aug 08 2023 12:00:00 GMT+0530 (India Standard Time)","110.2","120.95","110.2","120.5","1530","44205",
"Tue Aug 08 2023 12:15:00 GMT+0530 (India Standard Time)","120.15","123.3","118.45","122","630","44250",
"Tue Aug 08 2023 12:30:00 GMT+0530 (India Standard Time)","122","126.6","122","125","915","44430",
"Tue Aug 08 2023 12:45:00 GMT+0530 (India Standard Time)","121.65","121.65","115.95","115.95","225","44505",
"Tue Aug 08 2023 13:00:00 GMT+0530 (India Standard Time)","110.55","119.95","106.5","119","1185","44880",
"Tue Aug 08 2023 13:15:00 GMT+0530 (India Standard Time)","122.55","123.8","118.3","118.3","480","44910",
"Tue Aug 08 2023 13:30:00 GMT+0530 (India Standard Time)","117.85","122.15","113.75","118.7","855","45090",
"Tue Aug 08 2023 13:45:00 GMT+0530 (India Standard Time)","114.75","118.45","112.6","112.6","75","45120",
"Tue Aug 08 2023 14:00:00 GMT+0530 (India Standard Time)","116.6","116.6","115.45","115.45","45","45120",
"Tue Aug 08 2023 14:15:00 GMT+0530 (India Standard Time)","114.3","123.65","110","120.8","795","45000",
"Tue Aug 08 2023 14:30:00 GMT+0530 (India Standard Time)","122.75","122.75","118.05","118.05","465","45045",
"Tue Aug 08 2023 14:45:00 GMT+0530 (India Standard Time)","110","111.6","102","104.9","1425","45090",
"Tue Aug 08 2023 15:00:00 GMT+0530 (India Standard Time)","105.65","105.65","100","103.2","2265","44520",
"Tue Aug 08 2023 15:15:00 GMT+0530 (India Standard Time)","102.1","107.4","100.7","101.15","2640","44310",
"Wed Aug 09 2023 09:15:00 GMT+0530 (India Standard Time)","98.45","102.1","78.85","78.85","8896","43080",
"Wed Aug 09 2023 09:30:00 GMT+0530 (India Standard Time)","78.85","85","75.95","76.95","5295","41760",
"Wed Aug 09 2023 09:45:00 GMT+0530 (India Standard Time)","77.4","79.2","74.2","77.05","8640","38025",
"Wed Aug 09 2023 10:00:00 GMT+0530 (India Standard Time)","78.4","81.2","73.8","75.3","3825","36030",
"Wed Aug 09 2023 10:15:00 GMT+0530 (India Standard Time)","75","75","70","70","9135","36000",
"Wed Aug 09 2023 10:30:00 GMT+0530 (India Standard Time)","70","72","69.15","69.6","2415","35175",
"Wed Aug 09 2023 10:45:00 GMT+0530 (India Standard Time)","70.95","72.05","69.35","70.05","2550","35685",
"Wed Aug 09 2023 11:00:00 GMT+0530 (India Standard Time)","72.3","72.3","65.35","65.8","3765","34980",
"Wed Aug 09 2023 11:15:00 GMT+0530 (India Standard Time)","65.85","68.1","64.65","66.1","6750","34680",
"Wed Aug 09 2023 11:30:00 GMT+0530 (India Standard Time)","66","67.55","64.65","65.9","2385","35520",
"Wed Aug 09 2023 11:45:00 GMT+0530 (India Standard Time)","66.35","68.7","62.25","66.7","3315","35760",
"Wed Aug 09 2023 12:00:00 GMT+0530 (India Standard Time)","69.45","70.1","66.45","70.1","2295","36525",
"Wed Aug 09 2023 12:15:00 GMT+0530 (India Standard Time)","70.8","71.3","67","70.8","675","36540",
"Wed Aug 09 2023 12:30:00 GMT+0530 (India Standard Time)","69.8","75","69.2","69.2","645","36570",
"Wed Aug 09 2023 12:45:00 GMT+0530 (India Standard Time)","71.1","71.1","67.65","68.9","1350","37080",
"Wed Aug 09 2023 13:00:00 GMT+0530 (India Standard Time)","71","71.95","68.05","70.3","1095","37275",
"Wed Aug 09 2023 13:15:00 GMT+0530 (India Standard Time)","70.5","70.5","67.5","69","810","37305",
"Wed Aug 09 2023 13:30:00 GMT+0530 (India Standard Time)","69","71.15","67.4","69.9","975","37665",
"Wed Aug 09 2023 13:45:00 GMT+0530 (India Standard Time)","70.05","71","67.85","71","555","37950",
"Wed Aug 09 2023 14:00:00 GMT+0530 (India Standard Time)","71.65","77","71","75.3","7095","39435",
"Wed Aug 09 2023 14:15:00 GMT+0530 (India Standard Time)","75","75.95","72","74.5","2655","40950",
"Wed Aug 09 2023 14:30:00 GMT+0530 (India Standard Time)","76.9","84.75","76","83.45","3315","40470",
"Wed Aug 09 2023 14:45:00 GMT+0530 (India Standard Time)","82.65","90.05","81.4","88.35","6420","39615",
"Wed Aug 09 2023 15:00:00 GMT+0530 (India Standard Time)","89","92.2","85.55","91.85","3330","38370",
"Wed Aug 09 2023 15:15:00 GMT+0530 (India Standard Time)","91","92","84.9","87","7035","36675",
"Thu Aug 10 2023 09:15:00 GMT+0530 (India Standard Time)","86.25","86.25","66.8","70.85","4561","36495",
"Thu Aug 10 2023 09:30:00 GMT+0530 (India Standard Time)","70.85","83.2","70.05","79.3","3150","37620",
"Thu Aug 10 2023 09:45:00 GMT+0530 (India Standard Time)","79.2","80.25","72.5","77.95","1785","37710",
"Thu Aug 10 2023 10:00:00 GMT+0530 (India Standard Time)","79","100","74.85","99.9","11205","40290",
"Thu Aug 10 2023 10:15:00 GMT+0530 (India Standard Time)","102.55","119.35","64.95","65","17100","42030",
"Thu Aug 10 2023 10:30:00 GMT+0530 (India Standard Time)","65","66.6","60","60","10245","48930",
"Thu Aug 10 2023 10:45:00 GMT+0530 (India Standard Time)","62.95","69.7","60.85","66.15","4980","50850",
"Thu Aug 10 2023 11:00:00 GMT+0530 (India Standard Time)","66.15","68","62","62.35","2235","51420",
"Thu Aug 10 2023 11:15:00 GMT+0530 (India Standard Time)","63.45","67.1","63.45","66.25","4440","52020",
"Thu Aug 10 2023 11:30:00 GMT+0530 (India Standard Time)","64.15","64.15","60.6","61.45","11700","53625",
"Thu Aug 10 2023 11:45:00 GMT+0530 (India Standard Time)","62","68.6","62","66.9","3600","54330",
"Thu Aug 10 2023 12:00:00 GMT+0530 (India Standard Time)","66.1","67.55","60","60","5940","54030",
"Thu Aug 10 2023 12:15:00 GMT+0530 (India Standard Time)","57.9","62","57.4","60.35","3015","57030",
"Thu Aug 10 2023 12:30:00 GMT+0530 (India Standard Time)","60.45","62.1","58.65","59.95","1455","57840",
"Thu Aug 10 2023 12:45:00 GMT+0530 (India Standard Time)","61","61.3","57.65","58.05","5775","58860",
"Thu Aug 10 2023 13:00:00 GMT+0530 (India Standard Time)","58","61.4","56.9","60.4","3480","59835",
"Thu Aug 10 2023 13:15:00 GMT+0530 (India Standard Time)","60.4","61","50","51.5","5085","59745",
"Thu Aug 10 2023 13:30:00 GMT+0530 (India Standard Time)","51.5","53.95","50.05","52.95","5910","61425",
"Thu Aug 10 2023 13:45:00 GMT+0530 (India Standard Time)","51","52.55","44.25","47","11580","62040",
"Thu Aug 10 2023 14:00:00 GMT+0530 (India Standard Time)","48","51","46.95","50.3","5955","63375",
"Thu Aug 10 2023 14:15:00 GMT+0530 (India Standard Time)","49.05","53","48","48.9","10065","65250",
"Thu Aug 10 2023 14:30:00 GMT+0530 (India Standard Time)","48.45","51","45","46.4","11100","69105",
"Thu Aug 10 2023 14:45:00 GMT+0530 (India Standard Time)","47.3","54.3","46","48","7185","68610",
"Thu Aug 10 2023 15:00:00 GMT+0530 (India Standard Time)","49.45","51.75","48.2","50.05","4875","69105",
"Thu Aug 10 2023 15:15:00 GMT+0530 (India Standard Time)","50.5","53","47.5","47.5","17265","73140",
"Fri Aug 11 2023 09:15:00 GMT+0530 (India Standard Time)","50.7","54.1","33.9","34","64397","81525",
"Fri Aug 11 2023 09:30:00 GMT+0530 (India Standard Time)","33.85","35.85","32.75","33.85","43635","84510",
"Fri Aug 11 2023 09:45:00 GMT+0530 (India Standard Time)","34.15","35.35","32.7","35.1","17775","88410",
"Fri Aug 11 2023 10:00:00 GMT+0530 (India Standard Time)","34.75","36.5","33.1","34.4","20580","89265",
"Fri Aug 11 2023 10:15:00 GMT+0530 (India Standard Time)","34.05","36.5","34","34.65","13005","92310",
"Fri Aug 11 2023 10:30:00 GMT+0530 (India Standard Time)","34.9","36.5","34.65","35.85","14220","92400",
"Fri Aug 11 2023 10:45:00 GMT+0530 (India Standard Time)","36.2","36.2","33.6","33.9","7440","93855",
"Fri Aug 11 2023 11:00:00 GMT+0530 (India Standard Time)","33.8","33.8","32.1","32.5","21420","95070",
"Fri Aug 11 2023 11:15:00 GMT+0530 (India Standard Time)","32.4","34.85","32.15","34.25","7020","93810",
"Fri Aug 11 2023 11:30:00 GMT+0530 (India Standard Time)","34.55","34.75","32","32.3","5835","94065",
"Fri Aug 11 2023 11:45:00 GMT+0530 (India Standard Time)","32.4","33.7","32.35","33.7","4860","94560",
"Fri Aug 11 2023 12:00:00 GMT+0530 (India Standard Time)","33.75","33.9","32.3","32.9","5880","95865",
"Fri Aug 11 2023 12:15:00 GMT+0530 (India Standard Time)","32.85","33.6","32.55","32.85","4980","96525",
"Fri Aug 11 2023 12:30:00 GMT+0530 (India Standard Time)","33","33.25","32.35","33.25","13770","102345",
"Fri Aug 11 2023 12:45:00 GMT+0530 (India Standard Time)","32.95","33.15","29.9","30.8","16245","102840",
"Fri Aug 11 2023 13:00:00 GMT+0530 (India Standard Time)","30.6","38.4","30.6","35.15","47520","108450",
"Fri Aug 11 2023 13:15:00 GMT+0530 (India Standard Time)","35.45","35.45","31.95","32.95","19095","107610",
"Fri Aug 11 2023 13:30:00 GMT+0530 (India Standard Time)","32.6","32.9","29.8","31.45","24450","102660",
"Fri Aug 11 2023 13:45:00 GMT+0530 (India Standard Time)","31.55","31.95","30.25","30.5","12000","103215",
"Fri Aug 11 2023 14:00:00 GMT+0530 (India Standard Time)","31","31.5","29.1","31.1","15180","103860",
"Fri Aug 11 2023 14:15:00 GMT+0530 (India Standard Time)","31.1","32","30.15","31","14010","102810",
"Fri Aug 11 2023 14:30:00 GMT+0530 (India Standard Time)","31.35","32.05","29.45","30.45","35280","112215",
"Fri Aug 11 2023 14:45:00 GMT+0530 (India Standard Time)","29.65","32.35","29","32","19470","114120",
"Fri Aug 11 2023 15:00:00 GMT+0530 (India Standard Time)","31.7","32.05","28.05","29.15","33495","116640",
"Fri Aug 11 2023 15:15:00 GMT+0530 (India Standard Time)","29.2","32.5","28.45","29.95","75720","129780",
"Mon Aug 14 2023 09:15:00 GMT+0530 (India Standard Time)","29.95","29.95","15.25","19.2","87632","131985",
"Mon Aug 14 2023 09:30:00 GMT+0530 (India Standard Time)","19.2","19.85","18.9","19.15","46095","134385",
"Mon Aug 14 2023 09:45:00 GMT+0530 (India Standard Time)","19.15","19.2","18.55","18.7","54300","141660",
"Mon Aug 14 2023 10:00:00 GMT+0530 (India Standard Time)","18.75","19.65","18.75","19.6","31575","152145",
"Mon Aug 14 2023 10:15:00 GMT+0530 (India Standard Time)","19.8","19.8","19.25","19.4","7890","153510",
"Mon Aug 14 2023 10:30:00 GMT+0530 (India Standard Time)","19.55","20","19.25","19.6","16530","157350",
"Mon Aug 14 2023 10:45:00 GMT+0530 (India Standard Time)","19.65","19.85","19.35","19.65","8835","159120",
"Mon Aug 14 2023 11:00:00 GMT+0530 (India Standard Time)","19.65","20.2","18.4","18.4","56955","152985",
"Mon Aug 14 2023 11:15:00 GMT+0530 (India Standard Time)","18.4","19.2","18.3","18.75","26610","151170",
"Mon Aug 14 2023 11:30:00 GMT+0530 (India Standard Time)","18.9","19.5","17.6","19.15","29730","155310",
"Mon Aug 14 2023 11:45:00 GMT+0530 (India Standard Time)","19.1","19.15","18.1","18.25","6525","155175",
"Mon Aug 14 2023 12:00:00 GMT+0530 (India Standard Time)","18.25","18.95","18.05","18.4","6945","156045",
"Mon Aug 14 2023 12:15:00 GMT+0530 (India Standard Time)","18.55","18.65","17.45","17.6","15075","157875",
"Mon Aug 14 2023 12:30:00 GMT+0530 (India Standard Time)","17.6","18","17","17.5","10065","158850",
"Mon Aug 14 2023 12:45:00 GMT+0530 (India Standard Time)","17.55","17.85","16.8","17.5","29550","171915",
"Mon Aug 14 2023 13:00:00 GMT+0530 (India Standard Time)","17.55","17.85","17.15","17.4","9450","174540",
"Mon Aug 14 2023 13:15:00 GMT+0530 (India Standard Time)","17.5","17.5","16.85","17.1","9150","176790",
"Mon Aug 14 2023 13:30:00 GMT+0530 (India Standard Time)","16.95","17.25","16.3","16.45","29415","175890",
"Mon Aug 14 2023 13:45:00 GMT+0530 (India Standard Time)","16.4","16.95","16.4","16.45","13260","174360",
"Mon Aug 14 2023 14:00:00 GMT+0530 (India Standard Time)","16.6","20","16.6","19.45","50415","174690",
"Mon Aug 14 2023 14:15:00 GMT+0530 (India Standard Time)","19.6","19.95","17.2","17.9","20550","189015",
"Mon Aug 14 2023 14:30:00 GMT+0530 (India Standard Time)","17.85","18.3","17.5","17.8","18750","193035",
"Mon Aug 14 2023 14:45:00 GMT+0530 (India Standard Time)","17.9","17.9","16.95","17.3","20355","199395",
"Mon Aug 14 2023 15:00:00 GMT+0530 (India Standard Time)","17.6","17.8","16.45","16.85","32565","208980",
"Mon Aug 14 2023 15:15:00 GMT+0530 (India Standard Time)","16.85","17.15","14.5","14.55","67725","203055",
"Wed Aug 16 2023 09:15:00 GMT+0530 (India Standard Time)","14.95","16.35","10.1","12","109817","207480",
"Wed Aug 16 2023 09:30:00 GMT+0530 (India Standard Time)","12","12.45","11.75","11.95","43155","219840",
"Wed Aug 16 2023 09:45:00 GMT+0530 (India Standard Time)","12.15","13","11.75","12.85","40965","226395",
"Wed Aug 16 2023 10:00:00 GMT+0530 (India Standard Time)","12.85","12.85","11.75","11.95","22095","229770",
"Wed Aug 16 2023 10:15:00 GMT+0530 (India Standard Time)","11.9","12.6","11.65","11.85","42495","244935",
"Wed Aug 16 2023 10:30:00 GMT+0530 (India Standard Time)","11.85","11.9","11.4","11.45","12135","244125",
"Wed Aug 16 2023 10:45:00 GMT+0530 (India Standard Time)","11.4","11.65","11.1","11.1","31815","246855",
"Wed Aug 16 2023 11:00:00 GMT+0530 (India Standard Time)","11.1","11.3","11","11","21975","243165",
"Wed Aug 16 2023 11:15:00 GMT+0530 (India Standard Time)","11","11.25","10.9","11.05","9510","245265",
"Wed Aug 16 2023 11:30:00 GMT+0530 (India Standard Time)","11","11.15","10.4","10.8","16755","248070",
"Wed Aug 16 2023 11:45:00 GMT+0530 (India Standard Time)","10.8","10.85","10.15","10.75","50865","255540",
"Wed Aug 16 2023 12:00:00 GMT+0530 (India Standard Time)","10.75","10.85","10.1","10.45","60765","278550",
"Wed Aug 16 2023 12:15:00 GMT+0530 (India Standard Time)","10.35","10.55","10.1","10.5","7560","279675",
"Wed Aug 16 2023 12:30:00 GMT+0530 (India Standard Time)","10.5","10.95","10.2","10.85","25515","281985",
"Wed Aug 16 2023 12:45:00 GMT+0530 (India Standard Time)","10.9","11","10.15","10.35","26625","286275",
"Wed Aug 16 2023 13:00:00 GMT+0530 (India Standard Time)","10.4","11.1","10.3","10.75","29565","283635",
"Wed Aug 16 2023 13:15:00 GMT+0530 (India Standard Time)","10.65","10.95","10.3","10.5","52410","284700",
"Wed Aug 16 2023 13:30:00 GMT+0530 (India Standard Time)","10.5","10.8","10.25","10.25","21870","292260",
"Wed Aug 16 2023 13:45:00 GMT+0530 (India Standard Time)","10.25","11","10.25","10.95","26400","289455",
"Wed Aug 16 2023 14:00:00 GMT+0530 (India Standard Time)","10.9","10.95","10.25","10.75","18030","294540",
"Wed Aug 16 2023 14:15:00 GMT+0530 (India Standard Time)","10.85","11","10.2","10.5","28560","299595",
"Wed Aug 16 2023 14:30:00 GMT+0530 (India Standard Time)","10.45","10.55","10","10.15","44700","302760",
"Wed Aug 16 2023 14:45:00 GMT+0530 (India Standard Time)","10.2","10.8","10.1","10.5","34830","309930",
"Wed Aug 16 2023 15:00:00 GMT+0530 (India Standard Time)","10.45","10.8","10","10.1","68895","314895",
"Wed Aug 16 2023 15:15:00 GMT+0530 (India Standard Time)","10.2","10.75","9.9","10.5","102885","320340",
"Thu Aug 17 2023 09:15:00 GMT+0530 (India Standard Time)","11.35","11.65","7","11.5","263732","436650",
"Thu Aug 17 2023 09:30:00 GMT+0530 (India Standard Time)","11.5","11.6","9.7","9.75","104985","445170",
"Thu Aug 17 2023 09:45:00 GMT+0530 (India Standard Time)","9.85","10.2","9.6","10.1","47280","438420",
"Thu Aug 17 2023 10:00:00 GMT+0530 (India Standard Time)","10.05","10.9","10","10.8","52785","433230",
"Thu Aug 17 2023 10:15:00 GMT+0530 (India Standard Time)","10.8","12.75","10.75","11.8","162255","475410",
"Thu Aug 17 2023 10:30:00 GMT+0530 (India Standard Time)","11.65","11.8","11.05","11.15","56460","472500",
"Thu Aug 17 2023 10:45:00 GMT+0530 (India Standard Time)","11.1","11.6","10.8","10.85","112230","463650",
"Thu Aug 17 2023 11:00:00 GMT+0530 (India Standard Time)","10.85","11.05","10.4","10.85","71760","439425",
"Thu Aug 17 2023 11:15:00 GMT+0530 (India Standard Time)","10.75","10.75","9.8","10.05","54150","442485",
"Thu Aug 17 2023 11:30:00 GMT+0530 (India Standard Time)","9.95","10.25","9.8","10","63765","443385",
"Thu Aug 17 2023 11:45:00 GMT+0530 (India Standard Time)","10.15","10.55","9.95","9.95","28455","453240",
"Thu Aug 17 2023 12:00:00 GMT+0530 (India Standard Time)","9.95","10.05","9.1","9.25","57030","460245",
"Thu Aug 17 2023 12:15:00 GMT+0530 (India Standard Time)","9.3","9.35","8.9","8.9","78705","490290",
"Thu Aug 17 2023 12:30:00 GMT+0530 (India Standard Time)","8.85","9.25","8.75","8.95","73845","518865",
"Thu Aug 17 2023 12:45:00 GMT+0530 (India Standard Time)","8.95","9.2","8.6","8.8","65625","524160",
"Thu Aug 17 2023 13:00:00 GMT+0530 (India Standard Time)","8.9","9.1","8.4","8.6","96585","570705",
"Thu Aug 17 2023 13:15:00 GMT+0530 (India Standard Time)","8.5","8.6","7.75","7.85","80340","590145",
"Thu Aug 17 2023 13:30:00 GMT+0530 (India Standard Time)","7.85","8.25","7.55","7.55","141675","658695",
"Thu Aug 17 2023 13:45:00 GMT+0530 (India Standard Time)","7.7","7.95","7.6","7.8","191475","678150",
"Thu Aug 17 2023 14:00:00 GMT+0530 (India Standard Time)","7.75","7.9","7.5","7.55","101625","704235",
"Thu Aug 17 2023 14:15:00 GMT+0530 (India Standard Time)","7.6","7.6","6.65","7","199065","684945",
"Thu Aug 17 2023 14:30:00 GMT+0530 (India Standard Time)","7","7.45","6.7","7.05","284940","756600",
"Thu Aug 17 2023 14:45:00 GMT+0530 (India Standard Time)","7.05","7.55","7","7.25","164310","774705",
"Thu Aug 17 2023 15:00:00 GMT+0530 (India Standard Time)","7.2","7.35","6.4","6.65","412245","915645",
"Thu Aug 17 2023 15:15:00 GMT+0530 (India Standard Time)","6.65","6.75","5.9","6.2","867750","1259145",
"Fri Aug 18 2023 09:15:00 GMT+0530 (India Standard Time)","5.9","6.7","4.5","5.7","1424688","1504095",
"Fri Aug 18 2023 09:30:00 GMT+0530 (India Standard Time)","5.75","5.85","5.5","5.6","824355","1601325",
"Fri Aug 18 2023 09:45:00 GMT+0530 (India Standard Time)","5.55","5.8","5.55","5.7","488115","1703235",
"Fri Aug 18 2023 10:00:00 GMT+0530 (India Standard Time)","5.75","5.8","5.5","5.5","916290","1893915",
"Fri Aug 18 2023 10:15:00 GMT+0530 (India Standard Time)","5.5","5.65","5.45","5.5","453150","1927080",
"Fri Aug 18 2023 10:30:00 GMT+0530 (India Standard Time)","5.5","5.6","5.4","5.5","465600","2037465",
"Fri Aug 18 2023 10:45:00 GMT+0530 (India Standard Time)","5.45","5.6","5.25","5.3","607260","2135835",
"Fri Aug 18 2023 11:00:00 GMT+0530 (India Standard Time)","5.35","5.35","5.2","5.2","654645","2229435",
"Fri Aug 18 2023 11:15:00 GMT+0530 (India Standard Time)","5.2","5.3","5.1","5.15","299115","2291565",
"Fri Aug 18 2023 11:30:00 GMT+0530 (India Standard Time)","5.2","5.35","5.15","5.25","355140","2379360",
"Fri Aug 18 2023 11:45:00 GMT+0530 (India Standard Time)","5.25","5.35","5.15","5.3","261675","2428995",
"Fri Aug 18 2023 12:00:00 GMT+0530 (India Standard Time)","5.25","5.4","5.2","5.25","221235","2472810",
"Fri Aug 18 2023 12:15:00 GMT+0530 (India Standard Time)","5.2","5.25","4.95","5.15","272460","2467065",
"Fri Aug 18 2023 12:30:00 GMT+0530 (India Standard Time)","5.2","5.2","4.9","5.05","263610","2468145",
"Fri Aug 18 2023 12:45:00 GMT+0530 (India Standard Time)","5.1","5.2","5","5.05","302925","2486160",
"Fri Aug 18 2023 13:00:00 GMT+0530 (India Standard Time)","5.1","5.15","4.9","5","290700","2457780",
"Fri Aug 18 2023 13:15:00 GMT+0530 (India Standard Time)","5.05","5.2","4.95","5","293175","2480130",
"Fri Aug 18 2023 13:30:00 GMT+0530 (India Standard Time)","5","5.4","4.85","5.25","429855","2529570",
"Fri Aug 18 2023 13:45:00 GMT+0530 (India Standard Time)","5.3","5.45","5.2","5.4","332895","2587950",
"Fri Aug 18 2023 14:00:00 GMT+0530 (India Standard Time)","5.4","5.4","4.9","5.1","373035","2551095",
"Fri Aug 18 2023 14:15:00 GMT+0530 (India Standard Time)","5.15","5.25","4.75","4.95","496260","2530980",
"Fri Aug 18 2023 14:30:00 GMT+0530 (India Standard Time)","4.9","4.9","4.5","4.6","285870","2545035",
"Fri Aug 18 2023 14:45:00 GMT+0530 (India Standard Time)","4.55","4.8","4.55","4.8","191250","2514570",
"Fri Aug 18 2023 15:00:00 GMT+0530 (India Standard Time)","4.75","4.9","4.55","4.85","909090","2449290",
"Fri Aug 18 2023 15:15:00 GMT+0530 (India Standard Time)","4.8","5.15","4.6","4.8","1114635","2507250",
"Mon Aug 21 2023 09:15:00 GMT+0530 (India Standard Time)","4.95","5.2","4.5","4.7","1266678","2543370",
"Mon Aug 21 2023 09:30:00 GMT+0530 (India Standard Time)","4.75","4.9","4.55","4.65","494250","2617815",
"Mon Aug 21 2023 09:45:00 GMT+0530 (India Standard Time)","4.7","5","4.65","4.75","687945","2763210",
"Mon Aug 21 2023 10:00:00 GMT+0530 (India Standard Time)","4.75","4.9","4.6","4.7","224475","2803260",
"Mon Aug 21 2023 10:15:00 GMT+0530 (India Standard Time)","4.7","4.75","4.5","4.55","485805","2912190",
"Mon Aug 21 2023 10:30:00 GMT+0530 (India Standard Time)","4.55","4.55","4.05","4.35","663045","2868570",
"Mon Aug 21 2023 10:45:00 GMT+0530 (India Standard Time)","4.35","4.6","4.3","4.55","357435","2946810",
"Mon Aug 21 2023 11:00:00 GMT+0530 (India Standard Time)","4.55","4.55","4","4.1","570540","2993205",
"Mon Aug 21 2023 11:15:00 GMT+0530 (India Standard Time)","4.1","4.35","4.05","4.15","518640","2846715",
"Mon Aug 21 2023 11:30:00 GMT+0530 (India Standard Time)","4.15","4.4","4.1","4.25","296235","2854770",
"Mon Aug 21 2023 11:45:00 GMT+0530 (India Standard Time)","4.25","4.3","3.75","3.85","444825","2929755",
"Mon Aug 21 2023 12:00:00 GMT+0530 (India Standard Time)","3.9","3.9","3.8","3.9","185430","2947770",
"Mon Aug 21 2023 12:15:00 GMT+0530 (India Standard Time)","3.85","3.9","3.65","3.7","223125","2954655",
"Mon Aug 21 2023 12:30:00 GMT+0530 (India Standard Time)","3.7","3.85","3.65","3.8","261660","2956815",
"Mon Aug 21 2023 12:45:00 GMT+0530 (India Standard Time)","3.8","3.85","3.65","3.7","315450","2951700",
"Mon Aug 21 2023 13:00:00 GMT+0530 (India Standard Time)","3.7","3.75","3.5","3.7","732975","2932905",
"Mon Aug 21 2023 13:15:00 GMT+0530 (India Standard Time)","3.7","3.8","3.5","3.65","547890","2852595",
"Mon Aug 21 2023 13:30:00 GMT+0530 (India Standard Time)","3.6","3.65","3.45","3.55","418485","2827065",
"Mon Aug 21 2023 13:45:00 GMT+0530 (India Standard Time)","3.55","3.7","3.5","3.5","215505","2788425",
"Mon Aug 21 2023 14:00:00 GMT+0530 (India Standard Time)","3.5","3.55","3.35","3.45","331275","2881905",
"Mon Aug 21 2023 14:15:00 GMT+0530 (India Standard Time)","3.45","3.5","3.4","3.45","234240","2866470",
"Mon Aug 21 2023 14:30:00 GMT+0530 (India Standard Time)","3.4","3.5","3.4","3.45","93420","2860095",
"Mon Aug 21 2023 14:45:00 GMT+0530 (India Standard Time)","3.5","3.55","3.25","3.25","323775","2827665",
"Mon Aug 21 2023 15:00:00 GMT+0530 (India Standard Time)","3.2","3.45","3.15","3.4","504240","2717790",
"Mon Aug 21 2023 15:15:00 GMT+0530 (India Standard Time)","3.4","3.45","3.2","3.3","867420","2605335",
"Tue Aug 22 2023 09:15:00 GMT+0530 (India Standard Time)","3.5","3.65","3.05","3.45","1426353","2559570",
"Tue Aug 22 2023 09:30:00 GMT+0530 (India Standard Time)","3.4","3.55","3.35","3.4","592200","2519700",
"Tue Aug 22 2023 09:45:00 GMT+0530 (India Standard Time)","3.45","3.5","3.05","3.2","556935","2564715",
"Tue Aug 22 2023 10:00:00 GMT+0530 (India Standard Time)","3.2","3.5","3.15","3.25","642660","2498805",
"Tue Aug 22 2023 10:15:00 GMT+0530 (India Standard Time)","3.3","3.45","3.1","3.2","510225","2470500",
"Tue Aug 22 2023 10:30:00 GMT+0530 (India Standard Time)","3.2","3.2","3.05","3.1","416985","2435850",
"Tue Aug 22 2023 10:45:00 GMT+0530 (India Standard Time)","3.1","3.15","2.9","2.95","543495","2400390",
"Tue Aug 22 2023 11:00:00 GMT+0530 (India Standard Time)","3","3.1","2.9","3.05","351855","2369235",
"Tue Aug 22 2023 11:15:00 GMT+0530 (India Standard Time)","3.05","3.45","3","3.4","389895","2362080",
"Tue Aug 22 2023 11:30:00 GMT+0530 (India Standard Time)","3.45","3.5","3.2","3.3","376485","2365065",
"Tue Aug 22 2023 11:45:00 GMT+0530 (India Standard Time)","3.35","3.5","3.25","3.45","278070","2359485",
"Tue Aug 22 2023 12:00:00 GMT+0530 (India Standard Time)","3.45","3.6","3.4","3.5","195975","2403120",
"Tue Aug 22 2023 12:15:00 GMT+0530 (India Standard Time)","3.5","3.6","3.35","3.5","403185","2452665",
"Tue Aug 22 2023 12:30:00 GMT+0530 (India Standard Time)","3.55","3.6","3.25","3.25","216150","2458035",
"Tue Aug 22 2023 12:45:00 GMT+0530 (India Standard Time)","3.25","3.3","3.1","3.1","358335","2416815",
"Tue Aug 22 2023 13:00:00 GMT+0530 (India Standard Time)","3.1","3.2","3","3","150090","2408640",
"Tue Aug 22 2023 13:15:00 GMT+0530 (India Standard Time)","3.05","3.05","2.8","2.9","198975","2420805",
"Tue Aug 22 2023 13:30:00 GMT+0530 (India Standard Time)","2.9","2.95","2.8","2.9","212415","2412450",
"Tue Aug 22 2023 13:45:00 GMT+0530 (India Standard Time)","2.9","3.25","2.85","3.05","288360","2425425",
"Tue Aug 22 2023 14:00:00 GMT+0530 (India Standard Time)","3.1","3.4","2.9","2.95","271620","2411220",
"Tue Aug 22 2023 14:15:00 GMT+0530 (India Standard Time)","2.95","3","2.9","2.9","231810","2404605",
"Tue Aug 22 2023 14:30:00 GMT+0530 (India Standard Time)","2.9","3.2","2.85","3.1","380430","2410305",
"Tue Aug 22 2023 14:45:00 GMT+0530 (India Standard Time)","3.1","3.25","3","3.1","616365","2423565",
"Tue Aug 22 2023 15:00:00 GMT+0530 (India Standard Time)","3.1","3.25","2.9","3.05","1070265","2595840",
"Tue Aug 22 2023 15:15:00 GMT+0530 (India Standard Time)","3.05","3.05","2.7","2.85","1977600","2517000",
"Wed Aug 23 2023 09:15:00 GMT+0530 (India Standard Time)","2.75","3.2","2.6","2.6","2936851","2730330",
"Wed Aug 23 2023 09:30:00 GMT+0530 (India Standard Time)","2.65","3","2.6","2.75","1168755","2874450",
"Wed Aug 23 2023 09:45:00 GMT+0530 (India Standard Time)","2.75","2.95","2.75","2.9","556065","2922270",
"Wed Aug 23 2023 10:00:00 GMT+0530 (India Standard Time)","2.9","2.95","2.5","2.6","785280","2961390",
"Wed Aug 23 2023 10:15:00 GMT+0530 (India Standard Time)","2.6","2.8","2.45","2.6","714870","2949600",
"Wed Aug 23 2023 10:30:00 GMT+0530 (India Standard Time)","2.65","2.7","2.55","2.6","393510","2968230",
"Wed Aug 23 2023 10:45:00 GMT+0530 (India Standard Time)","2.55","2.65","2.55","2.65","560985","2991195",
"Wed Aug 23 2023 11:00:00 GMT+0530 (India Standard Time)","2.7","2.8","2.4","2.45","2527485","2993625",
"Wed Aug 23 2023 11:15:00 GMT+0530 (India Standard Time)","2.4","2.7","2.3","2.35","2052015","2943255",
"Wed Aug 23 2023 11:30:00 GMT+0530 (India Standard Time)","2.3","2.45","2.25","2.25","1341105","2938800",
"Wed Aug 23 2023 11:45:00 GMT+0530 (India Standard Time)","2.25","2.25","2.15","2.25","721065","2996670",
"Wed Aug 23 2023 12:00:00 GMT+0530 (India Standard Time)","2.25","2.45","1.95","2.05","976575","2896875",
"Wed Aug 23 2023 12:15:00 GMT+0530 (India Standard Time)","2.05","2.35","2.05","2.2","1624740","2697690",
"Wed Aug 23 2023 12:30:00 GMT+0530 (India Standard Time)","2.2","2.65","2.1","2.6","2328360","2666010",
"Wed Aug 23 2023 12:45:00 GMT+0530 (India Standard Time)","2.6","3","2.3","2.4","2390160","2765280",
"Wed Aug 23 2023 13:00:00 GMT+0530 (India Standard Time)","2.45","2.55","2.2","2.35","1309200","2847090",
"Wed Aug 23 2023 13:15:00 GMT+0530 (India Standard Time)","2.3","2.75","2.25","2.25","894570","2840040",
"Wed Aug 23 2023 13:30:00 GMT+0530 (India Standard Time)","2.3","2.55","2.2","2.35","666360","2834175",
"Wed Aug 23 2023 13:45:00 GMT+0530 (India Standard Time)","2.3","2.4","2.2","2.3","974415","2875080",
"Wed Aug 23 2023 14:00:00 GMT+0530 (India Standard Time)","2.3","2.35","2.05","2.15","992970","2903295",
"Wed Aug 23 2023 14:15:00 GMT+0530 (India Standard Time)","2.1","2.2","2.1","2.15","526965","2857305",
"Wed Aug 23 2023 14:30:00 GMT+0530 (India Standard Time)","2.15","2.2","2.05","2.05","539295","2841990",
"Wed Aug 23 2023 14:45:00 GMT+0530 (India Standard Time)","2.05","2.15","1.9","1.95","919035","2733990",
"Wed Aug 23 2023 15:00:00 GMT+0530 (India Standard Time)","1.95","2","1.75","2","1227330","2609835",
"Wed Aug 23 2023 15:15:00 GMT+0530 (India Standard Time)","1.95","2.15","1.8","1.9","2001150","2469465",
"Thu Aug 24 2023 09:15:00 GMT+0530 (India Standard Time)","1.9","2.6","1.8","2.35","4962632","3443400",
"Thu Aug 24 2023 09:30:00 GMT+0530 (India Standard Time)","2.3","2.55","2.25","2.45","3211650","3847860",
"Thu Aug 24 2023 09:45:00 GMT+0530 (India Standard Time)","2.45","4.4","2.45","4","5528340","4223475",
"Thu Aug 24 2023 10:00:00 GMT+0530 (India Standard Time)","4","5.05","3.15","4.75","3269295","4615005",
"Thu Aug 24 2023 10:15:00 GMT+0530 (India Standard Time)","4.8","4.8","3.8","4.15","2140815","4684170",
"Thu Aug 24 2023 10:30:00 GMT+0530 (India Standard Time)","4.15","4.15","3.15","3.95","1785270","4683180",
"Thu Aug 24 2023 10:45:00 GMT+0530 (India Standard Time)","3.95","4.15","2.9","2.95","1779990","4710000",
"Thu Aug 24 2023 11:00:00 GMT+0530 (India Standard Time)","3","3.95","3","3.65","3043080","5079720",
"Thu Aug 24 2023 11:15:00 GMT+0530 (India Standard Time)","3.7","4.4","3.45","4","2194560","5313960",
"Thu Aug 24 2023 11:30:00 GMT+0530 (India Standard Time)","4","4.6","3.95","4","1717965","5562300",
"Thu Aug 24 2023 11:45:00 GMT+0530 (India Standard Time)","4","4.15","3.3","3.4","1944945","5665155",
"Thu Aug 24 2023 12:00:00 GMT+0530 (India Standard Time)","3.4","3.65","2.4","3.55","3024840","5650200",
"Thu Aug 24 2023 12:15:00 GMT+0530 (India Standard Time)","3.55","3.95","3.1","3.15","2176185","5707395",
"Thu Aug 24 2023 12:30:00 GMT+0530 (India Standard Time)","3.2","3.95","3.05","3.45","1696845","5671260",
"Thu Aug 24 2023 12:45:00 GMT+0530 (India Standard Time)","3.45","3.55","1.95","2.15","2378745","5784855",
"Thu Aug 24 2023 13:00:00 GMT+0530 (India Standard Time)","2.1","2.2","1.3","1.35","2483415","5737845",
"Thu Aug 24 2023 13:15:00 GMT+0530 (India Standard Time)","1.3","1.6","1.15","1.5","1532040","5698560",
"Thu Aug 24 2023 13:30:00 GMT+0530 (India Standard Time)","1.45","2.65","1.35","1.8","2654985","5659350",
"Thu Aug 24 2023 13:45:00 GMT+0530 (India Standard Time)","1.8","2.5","1.7","2.15","2483895","5802120",
"Thu Aug 24 2023 14:00:00 GMT+0530 (India Standard Time)","2.2","2.55","1.9","2.3","3212265","5693265",
"Thu Aug 24 2023 14:15:00 GMT+0530 (India Standard Time)","2.35","2.55","1","1.05","2759850","5806125",
"Thu Aug 24 2023 14:30:00 GMT+0530 (India Standard Time)","1.05","1.15","0.45","0.5","2795985","5398545",
"Thu Aug 24 2023 14:45:00 GMT+0530 (India Standard Time)","0.5","0.6","0.35","0.4","2142915","4922715",
"Thu Aug 24 2023 15:00:00 GMT+0530 (India Standard Time)","0.4","0.4","0.1","0.1","2530890","4088895",
"Thu Aug 24 2023 15:15:00 GMT+0530 (India Standard Time)","0.15","0.15","0.05","0.05","1355805","3365910",
