www.gocharting.com

date,open,high,low,close,volume,open_interest
"Wed Aug 09 2023 13:45:00 GMT+0530 (India Standard Time)","354.75","354.75","212.85","212.85","31","15",
"Wed Aug 09 2023 14:00:00 GMT+0530 (India Standard Time)","210","210","210","210","15","15",
"Wed Aug 09 2023 15:00:00 GMT+0530 (India Standard Time)","210","210","210","210","150","75",
"Wed Aug 09 2023 15:15:00 GMT+0530 (India Standard Time)","228.9","228.9","220","220","45","180",
"Thu Aug 10 2023 09:15:00 GMT+0530 (India Standard Time)","232","232","232","232","16","165",
"Thu Aug 10 2023 09:45:00 GMT+0530 (India Standard Time)","215.05","215.05","215.05","215.05","30","165",
"Thu Aug 10 2023 10:00:00 GMT+0530 (India Standard Time)","215.05","215.05","215.05","215.05","30","195",
"Thu Aug 10 2023 11:30:00 GMT+0530 (India Standard Time)","179.8","179.8","162.65","162.65","45","210",
"Thu Aug 10 2023 12:00:00 GMT+0530 (India Standard Time)","162.65","182","162.65","182","75","210",
"Thu Aug 10 2023 13:30:00 GMT+0530 (India Standard Time)","171.85","171.85","171.85","171.85","15","240",
"Thu Aug 10 2023 13:45:00 GMT+0530 (India Standard Time)","150","150","150","150","75","255",
"Thu Aug 10 2023 14:00:00 GMT+0530 (India Standard Time)","150","156","150","156","30","315",
"Thu Aug 10 2023 14:15:00 GMT+0530 (India Standard Time)","163.85","194.25","163.85","194.25","105","345",
"Thu Aug 10 2023 14:45:00 GMT+0530 (India Standard Time)","158.6","158.6","158.6","158.6","30","420",
"Thu Aug 10 2023 15:00:00 GMT+0530 (India Standard Time)","166.4","166.4","166.4","166.4","15","435",
"Thu Aug 10 2023 15:15:00 GMT+0530 (India Standard Time)","156.45","162.15","142","142","3150","495",
"Fri Aug 11 2023 09:15:00 GMT+0530 (India Standard Time)","145.85","145.85","120.45","120.45","721","3150",
"Fri Aug 11 2023 09:30:00 GMT+0530 (India Standard Time)","120.45","120.45","110.5","118","150","3135",
"Fri Aug 11 2023 09:45:00 GMT+0530 (India Standard Time)","118","118","118","118","45","3150",
"Fri Aug 11 2023 10:00:00 GMT+0530 (India Standard Time)","117","125","113.6","113.6","120","3150",
"Fri Aug 11 2023 10:15:00 GMT+0530 (India Standard Time)","114","114","114","114","15","3180",
"Fri Aug 11 2023 10:45:00 GMT+0530 (India Standard Time)","120","125","119.25","119.25","1050","3630",
"Fri Aug 11 2023 11:00:00 GMT+0530 (India Standard Time)","119.05","119.05","110","110","435","4050",
"Fri Aug 11 2023 11:15:00 GMT+0530 (India Standard Time)","110","119","110","119","45","4080",
"Fri Aug 11 2023 11:45:00 GMT+0530 (India Standard Time)","121.25","121.25","120","120","30","4095",
"Fri Aug 11 2023 12:15:00 GMT+0530 (India Standard Time)","119.65","119.65","119.65","119.65","15","4125",
"Fri Aug 11 2023 12:30:00 GMT+0530 (India Standard Time)","116.9","124","116.9","124","3015","4140",
"Fri Aug 11 2023 12:45:00 GMT+0530 (India Standard Time)","110","110","110","110","15","4140",
"Fri Aug 11 2023 13:15:00 GMT+0530 (India Standard Time)","126.6","126.6","126.6","126.6","60","4155",
"Fri Aug 11 2023 13:30:00 GMT+0530 (India Standard Time)","118.25","118.35","118.25","118.3","75","4185",
"Fri Aug 11 2023 13:45:00 GMT+0530 (India Standard Time)","114.35","116.35","114.35","116.35","45","4215",
"Fri Aug 11 2023 14:00:00 GMT+0530 (India Standard Time)","115.15","115.2","100.8","100.8","405","4260",
"Fri Aug 11 2023 14:15:00 GMT+0530 (India Standard Time)","115.85","119.25","115.85","119.25","75","4290",
"Fri Aug 11 2023 14:30:00 GMT+0530 (India Standard Time)","116.65","117.9","109.55","109.55","165","4350",
"Fri Aug 11 2023 14:45:00 GMT+0530 (India Standard Time)","113.2","119.1","110.65","116.9","180","4365",
"Fri Aug 11 2023 15:00:00 GMT+0530 (India Standard Time)","115","120","104.5","119.95","945","4320",
"Fri Aug 11 2023 15:15:00 GMT+0530 (India Standard Time)","111.85","112","91.35","102.9","1410","5025",
"Mon Aug 14 2023 09:15:00 GMT+0530 (India Standard Time)","88","88","65","67.05","1261","4635",
"Mon Aug 14 2023 09:30:00 GMT+0530 (India Standard Time)","66.1","70.55","65","70.55","240","4575",
"Mon Aug 14 2023 09:45:00 GMT+0530 (India Standard Time)","69.4","70.6","69.4","70.6","45","4560",
"Mon Aug 14 2023 10:00:00 GMT+0530 (India Standard Time)","70.65","73.35","64.3","64.3","555","4680",
"Mon Aug 14 2023 10:15:00 GMT+0530 (India Standard Time)","64.35","64.35","64.35","64.35","150","4680",
"Mon Aug 14 2023 10:30:00 GMT+0530 (India Standard Time)","67.65","71.05","67.65","71.05","30","5130",
"Mon Aug 14 2023 10:45:00 GMT+0530 (India Standard Time)","69.2","80","67","69","315","5250",
"Mon Aug 14 2023 11:00:00 GMT+0530 (India Standard Time)","70.15","70.15","69.75","69.75","45","5280",
"Mon Aug 14 2023 11:15:00 GMT+0530 (India Standard Time)","60","60","60","60","165","5310",
"Mon Aug 14 2023 11:30:00 GMT+0530 (India Standard Time)","65","65","64","64","195","5220",
"Mon Aug 14 2023 11:45:00 GMT+0530 (India Standard Time)","62.5","62.5","61.25","61.25","150","5385",
"Mon Aug 14 2023 12:00:00 GMT+0530 (India Standard Time)","61.25","69.75","61.25","69.75","135","5430",
"Mon Aug 14 2023 12:15:00 GMT+0530 (India Standard Time)","67.45","67.45","67.45","67.45","60","5460",
"Mon Aug 14 2023 12:30:00 GMT+0530 (India Standard Time)","62.55","64.95","62.55","64.95","60","5445",
"Mon Aug 14 2023 12:45:00 GMT+0530 (India Standard Time)","64.95","65","62.75","65","75","5475",
"Mon Aug 14 2023 13:15:00 GMT+0530 (India Standard Time)","65","65","61.5","61.5","225","5505",
"Mon Aug 14 2023 13:30:00 GMT+0530 (India Standard Time)","65","65","65","65","45","5490",
"Mon Aug 14 2023 13:45:00 GMT+0530 (India Standard Time)","65","65","65","65","75","5535",
"Mon Aug 14 2023 14:00:00 GMT+0530 (India Standard Time)","65","69.75","65","69.75","405","5520",
"Mon Aug 14 2023 14:15:00 GMT+0530 (India Standard Time)","75.8","80","69","74.5","1290","5520",
"Mon Aug 14 2023 14:30:00 GMT+0530 (India Standard Time)","79.4","79.4","79.4","79.4","135","5565",
"Mon Aug 14 2023 14:45:00 GMT+0530 (India Standard Time)","79.9","79.9","74.25","74.25","30","5640",
"Mon Aug 14 2023 15:00:00 GMT+0530 (India Standard Time)","72","72","65.5","65.5","270","5865",
"Mon Aug 14 2023 15:15:00 GMT+0530 (India Standard Time)","63.3","69.2","62.3","62.5","825","6420",
"Wed Aug 16 2023 09:15:00 GMT+0530 (India Standard Time)","45","48.6","40","46.95","1367","7260",
"Wed Aug 16 2023 09:30:00 GMT+0530 (India Standard Time)","46.65","46.65","41","43.95","765","7140",
"Wed Aug 16 2023 09:45:00 GMT+0530 (India Standard Time)","47","57.3","47","52.3","1365","7920",
"Wed Aug 16 2023 10:00:00 GMT+0530 (India Standard Time)","47.05","50.65","47.05","49.8","255","8025",
"Wed Aug 16 2023 10:15:00 GMT+0530 (India Standard Time)","49","53.5","49","50","345","8310",
"Wed Aug 16 2023 10:30:00 GMT+0530 (India Standard Time)","50","50","47.55","49","180","8385",
"Wed Aug 16 2023 10:45:00 GMT+0530 (India Standard Time)","49","49","47.55","47.75","105","8490",
"Wed Aug 16 2023 11:00:00 GMT+0530 (India Standard Time)","44.95","49.35","44.95","49.35","90","8490",
"Wed Aug 16 2023 11:15:00 GMT+0530 (India Standard Time)","48","48","48","48","15","8505",
"Wed Aug 16 2023 11:30:00 GMT+0530 (India Standard Time)","47","47.5","45","45","585","8865",
"Wed Aug 16 2023 11:45:00 GMT+0530 (India Standard Time)","45","46.2","44.25","46.2","225","8820",
"Wed Aug 16 2023 12:00:00 GMT+0530 (India Standard Time)","47.2","47.2","47","47.1","135","8940",
"Wed Aug 16 2023 12:30:00 GMT+0530 (India Standard Time)","47.15","48.15","47.15","47.85","150","9000",
"Wed Aug 16 2023 12:45:00 GMT+0530 (India Standard Time)","49","49","46.05","46.7","270","9030",
"Wed Aug 16 2023 13:00:00 GMT+0530 (India Standard Time)","46.45","50.05","46.45","50.05","435","9015",
"Wed Aug 16 2023 13:15:00 GMT+0530 (India Standard Time)","49.1","57","46.35","46.35","405","9240",
"Wed Aug 16 2023 13:30:00 GMT+0530 (India Standard Time)","48.7","49.85","48.7","49.85","30","9195",
"Wed Aug 16 2023 13:45:00 GMT+0530 (India Standard Time)","51.8","51.8","51.8","51.8","30","9210",
"Wed Aug 16 2023 14:00:00 GMT+0530 (India Standard Time)","50.2","50.2","46.35","46.35","30","9240",
"Wed Aug 16 2023 14:15:00 GMT+0530 (India Standard Time)","50.3","50.3","49.35","49.35","150","9360",
"Wed Aug 16 2023 14:30:00 GMT+0530 (India Standard Time)","46.65","48.95","44.1","48.95","195","9405",
"Wed Aug 16 2023 14:45:00 GMT+0530 (India Standard Time)","44","48","44","48","375","9495",
"Wed Aug 16 2023 15:00:00 GMT+0530 (India Standard Time)","48.2","48.4","47.55","47.6","450","9540",
"Wed Aug 16 2023 15:15:00 GMT+0530 (India Standard Time)","47","51.65","46.6","50.3","255","9810",
"Thu Aug 17 2023 09:15:00 GMT+0530 (India Standard Time)","49.5","51.65","44.05","49.4","497","9735",
"Thu Aug 17 2023 09:30:00 GMT+0530 (India Standard Time)","48.75","48.75","43.2","48.7","900","9675",
"Thu Aug 17 2023 09:45:00 GMT+0530 (India Standard Time)","48.85","48.85","44.6","46.55","345","9930",
"Thu Aug 17 2023 10:00:00 GMT+0530 (India Standard Time)","46.55","55.75","46.55","55.75","315","10110",
"Thu Aug 17 2023 10:15:00 GMT+0530 (India Standard Time)","52","56.9","49.7","53.25","1095","10860",
"Thu Aug 17 2023 10:30:00 GMT+0530 (India Standard Time)","54.15","54.75","49.15","53.8","465","11055",
"Thu Aug 17 2023 10:45:00 GMT+0530 (India Standard Time)","52","52","45.15","49.15","855","11085",
"Thu Aug 17 2023 11:00:00 GMT+0530 (India Standard Time)","52","52","47.25","47.25","225","10995",
"Thu Aug 17 2023 11:15:00 GMT+0530 (India Standard Time)","48.55","48.55","45","48.5","930","11565",
"Thu Aug 17 2023 11:30:00 GMT+0530 (India Standard Time)","45.75","50","45.75","50","45","11565",
"Thu Aug 17 2023 11:45:00 GMT+0530 (India Standard Time)","47","48","47","48","30","11580",
"Thu Aug 17 2023 12:00:00 GMT+0530 (India Standard Time)","47","47","43.6","45.4","135","11610",
"Thu Aug 17 2023 12:15:00 GMT+0530 (India Standard Time)","44.8","46.15","44","46.15","195","11595",
"Thu Aug 17 2023 12:30:00 GMT+0530 (India Standard Time)","46.1","47.1","43","43.05","555","11445",
"Thu Aug 17 2023 12:45:00 GMT+0530 (India Standard Time)","43.05","49.95","43","43.35","1125","11745",
"Thu Aug 17 2023 13:00:00 GMT+0530 (India Standard Time)","43.8","46.7","43.05","43.05","1125","12045",
"Thu Aug 17 2023 13:15:00 GMT+0530 (India Standard Time)","43.6","44.3","42.45","43","480","11970",
"Thu Aug 17 2023 13:30:00 GMT+0530 (India Standard Time)","43.85","43.95","43.25","43.95","225","12180",
"Thu Aug 17 2023 13:45:00 GMT+0530 (India Standard Time)","44.05","44.05","42.5","42.5","105","12285",
"Thu Aug 17 2023 14:00:00 GMT+0530 (India Standard Time)","42.5","42.5","40.7","40.7","795","12375",
"Thu Aug 17 2023 14:15:00 GMT+0530 (India Standard Time)","41.5","43.7","40.3","43.7","630","12900",
"Thu Aug 17 2023 14:30:00 GMT+0530 (India Standard Time)","39.25","41.35","39.25","41.35","270","12690",
"Thu Aug 17 2023 14:45:00 GMT+0530 (India Standard Time)","43.45","46.8","39.3","44.25","615","12825",
"Thu Aug 17 2023 15:00:00 GMT+0530 (India Standard Time)","43.35","43.35","41.6","41.95","300","12960",
"Thu Aug 17 2023 15:15:00 GMT+0530 (India Standard Time)","42","42.65","39.3","39.4","1005","13215",
"Fri Aug 18 2023 09:15:00 GMT+0530 (India Standard Time)","39","42.7","34.3","39.55","2717","14220",
"Fri Aug 18 2023 09:30:00 GMT+0530 (India Standard Time)","39.5","40.25","35.1","36.4","945","14580",
"Fri Aug 18 2023 09:45:00 GMT+0530 (India Standard Time)","36.45","38.2","35.8","35.8","2145","15705",
"Fri Aug 18 2023 10:00:00 GMT+0530 (India Standard Time)","35.1","36.2","35.1","35.55","1170","16170",
"Fri Aug 18 2023 10:15:00 GMT+0530 (India Standard Time)","35.55","36.8","35.55","35.7","900","16590",
"Fri Aug 18 2023 10:30:00 GMT+0530 (India Standard Time)","35.6","37.8","34.8","35.45","1440","16965",
"Fri Aug 18 2023 10:45:00 GMT+0530 (India Standard Time)","35.55","36.45","35","36.45","2220","16335",
"Fri Aug 18 2023 11:00:00 GMT+0530 (India Standard Time)","36.85","36.85","33.1","33.1","375","16455",
"Fri Aug 18 2023 11:15:00 GMT+0530 (India Standard Time)","33.1","35.2","33.1","35.2","495","16560",
"Fri Aug 18 2023 11:30:00 GMT+0530 (India Standard Time)","34.75","35.4","34.7","35","390","16575",
"Fri Aug 18 2023 11:45:00 GMT+0530 (India Standard Time)","35.85","35.85","33","35.5","615","16710",
"Fri Aug 18 2023 12:00:00 GMT+0530 (India Standard Time)","34.7","35.6","34.7","35.6","915","16695",
"Fri Aug 18 2023 12:15:00 GMT+0530 (India Standard Time)","34","34","32.55","32.55","885","17310",
"Fri Aug 18 2023 12:30:00 GMT+0530 (India Standard Time)","32.55","34.05","32.55","34","255","17370",
"Fri Aug 18 2023 12:45:00 GMT+0530 (India Standard Time)","31.4","33.4","31.4","32.85","795","17790",
"Fri Aug 18 2023 13:00:00 GMT+0530 (India Standard Time)","32.45","33.45","31.2","31.5","810","17805",
"Fri Aug 18 2023 13:15:00 GMT+0530 (India Standard Time)","31.9","33.2","30","33.2","1050","18240",
"Fri Aug 18 2023 13:30:00 GMT+0530 (India Standard Time)","32.4","32.45","31.3","31.75","1575","18435",
"Fri Aug 18 2023 13:45:00 GMT+0530 (India Standard Time)","32.35","33.35","31.95","32.7","1200","18615",
"Fri Aug 18 2023 14:00:00 GMT+0530 (India Standard Time)","32.7","35.1","32.7","35.1","555","19065",
"Fri Aug 18 2023 14:15:00 GMT+0530 (India Standard Time)","35","35.05","34.85","34.85","1020","19725",
"Fri Aug 18 2023 14:30:00 GMT+0530 (India Standard Time)","34.75","34.8","32.85","32.85","1005","19980",
"Fri Aug 18 2023 14:45:00 GMT+0530 (India Standard Time)","34.7","34.75","33.85","34.65","465","20370",
"Fri Aug 18 2023 15:00:00 GMT+0530 (India Standard Time)","35","35","33","33.6","975","20850",
"Fri Aug 18 2023 15:15:00 GMT+0530 (India Standard Time)","33.9","34.2","30.9","30.95","2985","21600",
"Mon Aug 21 2023 09:15:00 GMT+0530 (India Standard Time)","32.55","35.4","27.55","32.5","1427","20370",
"Mon Aug 21 2023 09:30:00 GMT+0530 (India Standard Time)","32.2","32.5","30.65","30.65","2235","21330",
"Mon Aug 21 2023 09:45:00 GMT+0530 (India Standard Time)","31","31.25","29.65","30.7","2400","22470",
"Mon Aug 21 2023 10:00:00 GMT+0530 (India Standard Time)","29.7","30.4","28.35","29.45","1125","22890",
"Mon Aug 21 2023 10:15:00 GMT+0530 (India Standard Time)","29.5","30.95","29.5","30.95","1575","22905",
"Mon Aug 21 2023 10:30:00 GMT+0530 (India Standard Time)","30.95","33.15","30.55","31.25","2910","23430",
"Mon Aug 21 2023 10:45:00 GMT+0530 (India Standard Time)","31.45","32.5","31.45","32.2","4005","21885",
"Mon Aug 21 2023 11:00:00 GMT+0530 (India Standard Time)","32.25","33.7","31.35","33","3345","20880",
"Mon Aug 21 2023 11:15:00 GMT+0530 (India Standard Time)","33","33.05","31.65","31.65","1875","20355",
"Mon Aug 21 2023 11:30:00 GMT+0530 (India Standard Time)","31.5","31.85","31.35","31.85","285","20280",
"Mon Aug 21 2023 11:45:00 GMT+0530 (India Standard Time)","32.2","32.45","31.5","31.5","990","20400",
"Mon Aug 21 2023 12:00:00 GMT+0530 (India Standard Time)","31.05","31.75","31.05","31.75","165","20295",
"Mon Aug 21 2023 12:15:00 GMT+0530 (India Standard Time)","31.5","31.9","31","31.25","1545","20295",
"Mon Aug 21 2023 12:30:00 GMT+0530 (India Standard Time)","31.2","32.05","31.2","31.55","1875","20790",
"Mon Aug 21 2023 12:45:00 GMT+0530 (India Standard Time)","31.45","31.45","31.45","31.45","300","20730",
"Mon Aug 21 2023 13:00:00 GMT+0530 (India Standard Time)","31.5","32.5","31.5","32.5","495","20445",
"Mon Aug 21 2023 13:15:00 GMT+0530 (India Standard Time)","32.4","33.65","32.4","32.5","2100","20355",
"Mon Aug 21 2023 13:30:00 GMT+0530 (India Standard Time)","32.55","33","32","32.55","1050","20370",
"Mon Aug 21 2023 13:45:00 GMT+0530 (India Standard Time)","32.7","32.7","32.7","32.7","150","20385",
"Mon Aug 21 2023 14:00:00 GMT+0530 (India Standard Time)","32.85","32.95","30","30","1140","20925",
"Mon Aug 21 2023 14:15:00 GMT+0530 (India Standard Time)","30.3","30.9","30.3","30.35","2295","22050",
"Mon Aug 21 2023 14:30:00 GMT+0530 (India Standard Time)","30.85","31.2","30.25","30.7","405","22080",
"Mon Aug 21 2023 14:45:00 GMT+0530 (India Standard Time)","30.7","32","30.6","32","195","22260",
"Mon Aug 21 2023 15:00:00 GMT+0530 (India Standard Time)","31.7","31.7","29","30.3","1695","22545",
"Mon Aug 21 2023 15:15:00 GMT+0530 (India Standard Time)","29.6","31.45","29.35","29.35","11610","30195",
"Tue Aug 22 2023 09:15:00 GMT+0530 (India Standard Time)","30.9","34.15","30.65","30.65","8252","32730",
"Tue Aug 22 2023 09:30:00 GMT+0530 (India Standard Time)","30.65","31.35","30.4","31","885","32640",
"Tue Aug 22 2023 09:45:00 GMT+0530 (India Standard Time)","30.95","31.3","30.05","30.2","1005","32655",
"Tue Aug 22 2023 10:00:00 GMT+0530 (India Standard Time)","30.2","30.45","29.55","29.9","2220","32880",
"Tue Aug 22 2023 10:15:00 GMT+0530 (India Standard Time)","29.6","29.85","28.65","29.15","3900","33030",
"Tue Aug 22 2023 10:30:00 GMT+0530 (India Standard Time)","29.3","29.85","29.05","29.1","4440","33735",
"Tue Aug 22 2023 10:45:00 GMT+0530 (India Standard Time)","29.1","29.1","28.6","28.75","915","33885",
"Tue Aug 22 2023 11:00:00 GMT+0530 (India Standard Time)","28.6","28.8","28.4","28.8","1470","34950",
"Tue Aug 22 2023 11:15:00 GMT+0530 (India Standard Time)","28.5","28.6","28.3","28.3","450","35085",
"Tue Aug 22 2023 11:30:00 GMT+0530 (India Standard Time)","28.65","28.65","26.9","27.45","5325","36660",
"Tue Aug 22 2023 11:45:00 GMT+0530 (India Standard Time)","27.75","27.75","27.6","27.6","630","36675",
"Tue Aug 22 2023 12:00:00 GMT+0530 (India Standard Time)","27.9","27.9","27.85","27.85","30","36525",
"Tue Aug 22 2023 12:15:00 GMT+0530 (India Standard Time)","27.6","27.6","25.65","26.8","1350","36165",
"Tue Aug 22 2023 12:30:00 GMT+0530 (India Standard Time)","27","27","26.7","27","705","36480",
"Tue Aug 22 2023 12:45:00 GMT+0530 (India Standard Time)","27","27.15","26.5","27.1","1290","36585",
"Tue Aug 22 2023 13:00:00 GMT+0530 (India Standard Time)","27.1","29.4","27.1","27.85","5415","39465",
"Tue Aug 22 2023 13:15:00 GMT+0530 (India Standard Time)","27.7","27.75","26.9","26.9","900","39375",
"Tue Aug 22 2023 13:30:00 GMT+0530 (India Standard Time)","27.1","27.55","27","27","1335","39360",
"Tue Aug 22 2023 13:45:00 GMT+0530 (India Standard Time)","26.8","26.8","24.45","25.8","8580","38595",
"Tue Aug 22 2023 14:00:00 GMT+0530 (India Standard Time)","25.85","25.95","25.05","25.7","825","38040",
"Tue Aug 22 2023 14:15:00 GMT+0530 (India Standard Time)","25.75","26.05","25.4","26.05","450","37905",
"Tue Aug 22 2023 14:30:00 GMT+0530 (India Standard Time)","25.05","25.8","25.05","25.8","1095","37710",
"Tue Aug 22 2023 14:45:00 GMT+0530 (India Standard Time)","25.6","25.95","24.8","25.6","315","37920",
"Tue Aug 22 2023 15:00:00 GMT+0530 (India Standard Time)","25.6","25.6","24.3","25.2","2175","38220",
"Tue Aug 22 2023 15:15:00 GMT+0530 (India Standard Time)","25.15","26","21.6","24.4","10710","41970",
"Wed Aug 23 2023 09:15:00 GMT+0530 (India Standard Time)","22.55","30","20.95","23.95","5476","43905",
"Wed Aug 23 2023 09:30:00 GMT+0530 (India Standard Time)","23.8","23.8","19.7","20","21495","41790",
"Wed Aug 23 2023 09:45:00 GMT+0530 (India Standard Time)","20","20.6","19.8","20.5","13560","43020",
"Wed Aug 23 2023 10:00:00 GMT+0530 (India Standard Time)","20.35","20.7","19.85","19.95","3870","44745",
"Wed Aug 23 2023 10:15:00 GMT+0530 (India Standard Time)","19.95","20.1","19.5","19.5","2220","45660",
"Wed Aug 23 2023 10:30:00 GMT+0530 (India Standard Time)","19.45","20","19.05","19.2","3690","44790",
"Wed Aug 23 2023 10:45:00 GMT+0530 (India Standard Time)","19.7","20.15","19.5","20.1","10425","42855",
"Wed Aug 23 2023 11:00:00 GMT+0530 (India Standard Time)","20.2","22","19.95","21.35","10650","47040",
"Wed Aug 23 2023 11:15:00 GMT+0530 (India Standard Time)","21.2","24","19.3","23.15","27210","58725",
"Wed Aug 23 2023 11:30:00 GMT+0530 (India Standard Time)","23.15","24.95","23.15","24.95","7410","60360",
"Wed Aug 23 2023 11:45:00 GMT+0530 (India Standard Time)","25.05","26","23.1","24.35","3510","60930",
"Wed Aug 23 2023 12:00:00 GMT+0530 (India Standard Time)","24.2","26.9","23.2","26.5","12825","58005",
"Wed Aug 23 2023 12:15:00 GMT+0530 (India Standard Time)","26.55","30.3","25.95","29.55","14205","58320",
"Wed Aug 23 2023 12:30:00 GMT+0530 (India Standard Time)","29.75","38.55","29.3","35.6","15450","65460",
"Wed Aug 23 2023 12:45:00 GMT+0530 (India Standard Time)","35.75","38.55","34.7","37.15","9165","64740",
"Wed Aug 23 2023 13:00:00 GMT+0530 (India Standard Time)","37.2","37.5","33.75","34.8","7185","66930",
"Wed Aug 23 2023 13:15:00 GMT+0530 (India Standard Time)","35.1","37.35","34.55","35.1","6360","68730",
"Wed Aug 23 2023 13:30:00 GMT+0530 (India Standard Time)","35.25","36.7","33.9","36.2","3015","70440",
"Wed Aug 23 2023 13:45:00 GMT+0530 (India Standard Time)","36.65","41.2","36.3","39.25","10320","70335",
"Wed Aug 23 2023 14:00:00 GMT+0530 (India Standard Time)","40.65","42.75","38.15","40.35","9420","73185",
"Wed Aug 23 2023 14:15:00 GMT+0530 (India Standard Time)","40.8","40.8","36.45","37.1","18465","76500",
"Wed Aug 23 2023 14:30:00 GMT+0530 (India Standard Time)","35.55","38.25","35.4","37.35","5025","77505",
"Wed Aug 23 2023 14:45:00 GMT+0530 (India Standard Time)","37.35","39.9","36.6","38.9","6405","79170",
"Wed Aug 23 2023 15:00:00 GMT+0530 (India Standard Time)","38.85","40.1","36","36.75","8010","81240",
"Wed Aug 23 2023 15:15:00 GMT+0530 (India Standard Time)","36.5","40.2","36","40.2","15270","85050",
"Thu Aug 24 2023 09:15:00 GMT+0530 (India Standard Time)","48.85","64","41.25","60.5","65582","80760",
"Thu Aug 24 2023 09:30:00 GMT+0530 (India Standard Time)","60.5","65.4","55.7","65.4","40485","93870",
"Thu Aug 24 2023 09:45:00 GMT+0530 (India Standard Time)","67.8","86.65","67.8","77","34440","93090",
"Thu Aug 24 2023 10:00:00 GMT+0530 (India Standard Time)","76","77.05","69.9","77.05","16365","96315",
"Thu Aug 24 2023 10:15:00 GMT+0530 (India Standard Time)","77","78.85","69.4","72.75","6390","97215",
"Thu Aug 24 2023 10:30:00 GMT+0530 (India Standard Time)","72.7","72.75","66.05","67.55","8760","99570",
"Thu Aug 24 2023 10:45:00 GMT+0530 (India Standard Time)","68.8","74.1","59.65","61.4","7920","98910",
"Thu Aug 24 2023 11:00:00 GMT+0530 (India Standard Time)","61.05","63.8","56","58.4","13695","101850",
"Thu Aug 24 2023 11:15:00 GMT+0530 (India Standard Time)","59.05","60.35","56.85","58.75","21750","98730",
"Thu Aug 24 2023 11:30:00 GMT+0530 (India Standard Time)","59.75","62.2","57.05","61.95","4755","97110",
"Thu Aug 24 2023 11:45:00 GMT+0530 (India Standard Time)","62.25","63.55","56.65","58.25","7365","96720",
"Thu Aug 24 2023 12:00:00 GMT+0530 (India Standard Time)","60.05","60.05","52.1","56.25","5115","94380",
"Thu Aug 24 2023 12:15:00 GMT+0530 (India Standard Time)","55.05","56.25","52.25","53.25","5490","97695",
"Thu Aug 24 2023 12:30:00 GMT+0530 (India Standard Time)","53.25","58.5","52.95","58.45","8835","99630",
"Thu Aug 24 2023 12:45:00 GMT+0530 (India Standard Time)","57.2","58.2","53.65","54","7470","100500",
"Thu Aug 24 2023 13:00:00 GMT+0530 (India Standard Time)","52.95","53.4","50","50.05","14460","103830",
"Thu Aug 24 2023 13:15:00 GMT+0530 (India Standard Time)","50.2","51.95","47.65","49.65","18915","110040",
"Thu Aug 24 2023 13:30:00 GMT+0530 (India Standard Time)","49.85","51.45","46.3","47.4","4410","112905",
"Thu Aug 24 2023 13:45:00 GMT+0530 (India Standard Time)","48.6","50.45","47.45","47.65","10875","108915",
"Thu Aug 24 2023 14:00:00 GMT+0530 (India Standard Time)","47.4","50","47.35","49.2","10980","107385",
"Thu Aug 24 2023 14:15:00 GMT+0530 (India Standard Time)","49.05","49.1","42","45.2","12750","108450",
"Thu Aug 24 2023 14:30:00 GMT+0530 (India Standard Time)","45.25","45.25","39.35","41.05","10965","109410",
"Thu Aug 24 2023 14:45:00 GMT+0530 (India Standard Time)","41","41","38.25","39.55","22800","112410",
"Thu Aug 24 2023 15:00:00 GMT+0530 (India Standard Time)","39.3","40","37.45","37.7","15975","113430",
"Thu Aug 24 2023 15:15:00 GMT+0530 (India Standard Time)","37.6","37.6","33.55","34","28035","114720",
"Fri Aug 25 2023 09:15:00 GMT+0530 (India Standard Time)","32.55","34","23.45","27.7","131341","96300",
"Fri Aug 25 2023 09:30:00 GMT+0530 (India Standard Time)","28","28.25","24.1","24.55","42480","99030",
"Fri Aug 25 2023 09:45:00 GMT+0530 (India Standard Time)","24.3","25","22.65","23.95","31695","98610",
"Fri Aug 25 2023 10:00:00 GMT+0530 (India Standard Time)","23.7","24.05","23","23.8","22215","102930",
"Fri Aug 25 2023 10:15:00 GMT+0530 (India Standard Time)","23.8","24.1","21.3","21.6","36105","109215",
"Fri Aug 25 2023 10:30:00 GMT+0530 (India Standard Time)","21.4","22.65","21","22.3","43845","111240",
"Fri Aug 25 2023 10:45:00 GMT+0530 (India Standard Time)","22.3","22.75","21.35","21.65","25215","120285",
"Fri Aug 25 2023 11:00:00 GMT+0530 (India Standard Time)","21.6","22.1","21.25","21.75","23940","126465",
"Fri Aug 25 2023 11:15:00 GMT+0530 (India Standard Time)","21.6","27","21.45","26.6","56445","119040",
"Fri Aug 25 2023 11:30:00 GMT+0530 (India Standard Time)","26.6","26.6","22.75","24.85","35910","111285",
"Fri Aug 25 2023 11:45:00 GMT+0530 (India Standard Time)","24.85","27.2","23.7","24.35","27360","111255",
"Fri Aug 25 2023 12:00:00 GMT+0530 (India Standard Time)","24.55","28.95","23.3","23.4","28800","116565",
"Fri Aug 25 2023 12:15:00 GMT+0530 (India Standard Time)","23.4","24.75","23","24.55","15045","118785",
"Fri Aug 25 2023 12:30:00 GMT+0530 (India Standard Time)","24.4","25.85","24.1","24.9","30345","118410",
"Fri Aug 25 2023 12:45:00 GMT+0530 (India Standard Time)","24.7","24.85","23.35","24.75","20670","124710",
"Fri Aug 25 2023 13:00:00 GMT+0530 (India Standard Time)","25","25.35","22.8","23.2","17310","126705",
"Fri Aug 25 2023 13:15:00 GMT+0530 (India Standard Time)","23","24","22.8","23.05","7020","127365",
"Fri Aug 25 2023 13:30:00 GMT+0530 (India Standard Time)","22.8","23.45","22.3","23.2","7350","124215",
"Fri Aug 25 2023 13:45:00 GMT+0530 (India Standard Time)","23.5","23.75","22.4","22.85","6705","122745",
"Fri Aug 25 2023 14:00:00 GMT+0530 (India Standard Time)","22.9","23.95","21.9","21.9","17910","121365",
"Fri Aug 25 2023 14:15:00 GMT+0530 (India Standard Time)","22.1","22.75","19.9","21.75","21330","127545",
"Fri Aug 25 2023 14:30:00 GMT+0530 (India Standard Time)","21.75","21.85","20.7","20.85","11700","126045",
"Fri Aug 25 2023 14:45:00 GMT+0530 (India Standard Time)","21.25","22.25","21","22","12015","125160",
"Fri Aug 25 2023 15:00:00 GMT+0530 (India Standard Time)","22.15","22.5","20.7","22.05","32070","122805",
"Fri Aug 25 2023 15:15:00 GMT+0530 (India Standard Time)","22.1","22.65","21.05","21.05","48570","114450",
"Mon Aug 28 2023 09:15:00 GMT+0530 (India Standard Time)","21.8","30","20.95","21.45","99512","125520",
"Mon Aug 28 2023 09:30:00 GMT+0530 (India Standard Time)","21.15","21.85","20.1","20.4","28935","126420",
"Mon Aug 28 2023 09:45:00 GMT+0530 (India Standard Time)","20.35","22.25","20.15","20.55","37215","131745",
"Mon Aug 28 2023 10:00:00 GMT+0530 (India Standard Time)","20.45","21.05","20.15","20.7","22215","143055",
"Mon Aug 28 2023 10:15:00 GMT+0530 (India Standard Time)","20.7","22.2","20.45","22.1","14730","145980",
"Mon Aug 28 2023 10:30:00 GMT+0530 (India Standard Time)","22","22.8","20.65","21","25290","149025",
"Mon Aug 28 2023 10:45:00 GMT+0530 (India Standard Time)","21.2","22.2","20.9","21.25","10770","149685",
"Mon Aug 28 2023 11:00:00 GMT+0530 (India Standard Time)","21.25","22","21.25","22","7215","151275",
"Mon Aug 28 2023 11:15:00 GMT+0530 (India Standard Time)","21.9","24.7","21.6","23.95","22290","149670",
"Mon Aug 28 2023 11:30:00 GMT+0530 (India Standard Time)","24","24.75","22.1","23.45","28095","152040",
"Mon Aug 28 2023 11:45:00 GMT+0530 (India Standard Time)","23.5","23.65","21.2","22.2","19260","152325",
"Mon Aug 28 2023 12:00:00 GMT+0530 (India Standard Time)","22.5","22.55","21","21.4","9690","152070",
"Mon Aug 28 2023 12:15:00 GMT+0530 (India Standard Time)","21.45","22.3","21.2","21.8","3690","153015",
"Mon Aug 28 2023 12:30:00 GMT+0530 (India Standard Time)","22.15","25.7","21.95","25.3","57495","162720",
"Mon Aug 28 2023 12:45:00 GMT+0530 (India Standard Time)","25.25","25.95","24.5","25.45","48315","163650",
"Mon Aug 28 2023 13:00:00 GMT+0530 (India Standard Time)","25.35","26.75","24.55","25.25","28770","161670",
"Mon Aug 28 2023 13:15:00 GMT+0530 (India Standard Time)","25.1","26.45","24.5","24.95","24480","171855",
"Mon Aug 28 2023 13:30:00 GMT+0530 (India Standard Time)","25.1","25.85","24.75","25.6","18390","175530",
"Mon Aug 28 2023 13:45:00 GMT+0530 (India Standard Time)","25.5","25.75","24.5","25.2","9480","178590",
"Mon Aug 28 2023 14:00:00 GMT+0530 (India Standard Time)","25.2","28.75","24.75","25","76875","188940",
"Mon Aug 28 2023 14:15:00 GMT+0530 (India Standard Time)","24.45","25.05","20","22.05","72150","197865",
"Mon Aug 28 2023 14:30:00 GMT+0530 (India Standard Time)","21.8","23.3","21.75","23","26700","199035",
"Mon Aug 28 2023 14:45:00 GMT+0530 (India Standard Time)","22.8","23.1","22.15","23","15285","200160",
"Mon Aug 28 2023 15:00:00 GMT+0530 (India Standard Time)","23.1","23.25","20.5","21.4","41340","201030",
"Mon Aug 28 2023 15:15:00 GMT+0530 (India Standard Time)","21.4","22.35","17","19.45","78870","198975",
"Tue Aug 29 2023 09:15:00 GMT+0530 (India Standard Time)","22.3","26.85","21.5","21.9","60063","199380",
"Tue Aug 29 2023 09:30:00 GMT+0530 (India Standard Time)","21.75","22.6","21.55","21.95","35475","202545",
"Tue Aug 29 2023 09:45:00 GMT+0530 (India Standard Time)","22","22.6","21.4","21.45","40350","217215",
"Tue Aug 29 2023 10:00:00 GMT+0530 (India Standard Time)","21.6","21.8","20.5","21.25","26010","222360",
"Tue Aug 29 2023 10:15:00 GMT+0530 (India Standard Time)","21.35","21.4","19","19.5","52830","226140",
"Tue Aug 29 2023 10:30:00 GMT+0530 (India Standard Time)","19.45","20.45","19.45","20.3","13500","228870",
"Tue Aug 29 2023 10:45:00 GMT+0530 (India Standard Time)","20.45","20.8","19.85","20.35","16890","232185",
"Tue Aug 29 2023 11:00:00 GMT+0530 (India Standard Time)","20.2","20.6","19.25","19.4","30690","232110",
"Tue Aug 29 2023 11:15:00 GMT+0530 (India Standard Time)","19.4","19.9","19.2","19.8","26145","242235",
"Tue Aug 29 2023 11:30:00 GMT+0530 (India Standard Time)","19.8","20.35","19.7","20.2","22155","248685",
"Tue Aug 29 2023 11:45:00 GMT+0530 (India Standard Time)","20.3","20.5","19.6","20.05","20865","253860",
"Tue Aug 29 2023 12:00:00 GMT+0530 (India Standard Time)","20.05","20.7","19.85","20.35","15450","255915",
"Tue Aug 29 2023 12:15:00 GMT+0530 (India Standard Time)","20.35","20.7","20.2","20.5","7935","261585",
"Tue Aug 29 2023 12:30:00 GMT+0530 (India Standard Time)","20.6","20.7","18.5","19.45","26040","259950",
"Tue Aug 29 2023 12:45:00 GMT+0530 (India Standard Time)","19.4","19.8","19.1","19.5","15465","259950",
"Tue Aug 29 2023 13:00:00 GMT+0530 (India Standard Time)","19.45","19.85","18.85","18.9","17685","258705",
"Tue Aug 29 2023 13:15:00 GMT+0530 (India Standard Time)","18.7","19","17.4","18.15","25530","263670",
"Tue Aug 29 2023 13:30:00 GMT+0530 (India Standard Time)","18.2","18.45","17.75","18","17250","262605",
"Tue Aug 29 2023 13:45:00 GMT+0530 (India Standard Time)","18","18.35","17.55","17.55","22470","275130",
"Tue Aug 29 2023 14:00:00 GMT+0530 (India Standard Time)","17.5","18.2","17.4","17.5","31140","276675",
"Tue Aug 29 2023 14:15:00 GMT+0530 (India Standard Time)","17.45","18","17","17.25","34485","280275",
"Tue Aug 29 2023 14:30:00 GMT+0530 (India Standard Time)","17.3","17.45","17","17.1","28275","288750",
"Tue Aug 29 2023 14:45:00 GMT+0530 (India Standard Time)","17.05","17.35","16.55","16.55","20250","292830",
"Tue Aug 29 2023 15:00:00 GMT+0530 (India Standard Time)","16.7","16.9","16.25","16.55","51615","298470",
"Tue Aug 29 2023 15:15:00 GMT+0530 (India Standard Time)","16.55","17.1","15.2","16","100110","306225",
"Wed Aug 30 2023 09:15:00 GMT+0530 (India Standard Time)","18.3","21","17.2","19.3","181292","324690",
"Wed Aug 30 2023 09:30:00 GMT+0530 (India Standard Time)","19.35","21.95","19.35","20.25","127995","350520",
"Wed Aug 30 2023 09:45:00 GMT+0530 (India Standard Time)","20.25","20.55","18.65","19.6","89805","366225",
"Wed Aug 30 2023 10:00:00 GMT+0530 (India Standard Time)","19.7","19.75","18.65","19.15","36660","375615",
"Wed Aug 30 2023 10:15:00 GMT+0530 (India Standard Time)","19.2","19.3","17.05","17.05","57480","377715",
"Wed Aug 30 2023 10:30:00 GMT+0530 (India Standard Time)","17.35","17.9","16.9","17.45","61365","392070",
"Wed Aug 30 2023 10:45:00 GMT+0530 (India Standard Time)","17.45","17.95","17.25","17.55","30795","394860",
"Wed Aug 30 2023 11:00:00 GMT+0530 (India Standard Time)","17.6","17.9","17.4","17.65","19035","396630",
"Wed Aug 30 2023 11:15:00 GMT+0530 (India Standard Time)","17.65","17.8","16.75","17.05","40995","393855",
"Wed Aug 30 2023 11:30:00 GMT+0530 (India Standard Time)","16.95","17.4","16.7","16.75","36135","400290",
"Wed Aug 30 2023 11:45:00 GMT+0530 (India Standard Time)","16.8","17.2","16.45","16.85","32805","407610",
"Wed Aug 30 2023 12:00:00 GMT+0530 (India Standard Time)","16.6","17.15","16.45","17.1","12060","408840",
"Wed Aug 30 2023 12:15:00 GMT+0530 (India Standard Time)","17.1","17.1","16.55","16.85","25680","410580",
"Wed Aug 30 2023 12:30:00 GMT+0530 (India Standard Time)","16.9","17.2","16.15","16.35","30120","421035",
"Wed Aug 30 2023 12:45:00 GMT+0530 (India Standard Time)","16.35","17.35","15.4","16","92700","445620",
"Wed Aug 30 2023 13:00:00 GMT+0530 (India Standard Time)","15.9","16.25","15.6","15.8","28905","448095",
"Wed Aug 30 2023 13:15:00 GMT+0530 (India Standard Time)","15.85","16.2","15.6","15.65","25125","453375",
"Wed Aug 30 2023 13:30:00 GMT+0530 (India Standard Time)","15.75","15.85","14.7","14.7","37995","454605",
"Wed Aug 30 2023 13:45:00 GMT+0530 (India Standard Time)","15.05","15.45","14.7","15.15","27870","459075",
"Wed Aug 30 2023 14:00:00 GMT+0530 (India Standard Time)","15.1","15.1","13.7","14.45","59370","462045",
"Wed Aug 30 2023 14:15:00 GMT+0530 (India Standard Time)","14.4","14.45","13.55","13.55","82620","439365",
"Wed Aug 30 2023 14:30:00 GMT+0530 (India Standard Time)","13.95","14.4","12.9","13.35","209310","417690",
"Wed Aug 30 2023 14:45:00 GMT+0530 (India Standard Time)","13.35","14.35","13.15","14.05","74715","423225",
"Wed Aug 30 2023 15:00:00 GMT+0530 (India Standard Time)","14.2","14.85","12.95","14.75","288600","451185",
"Wed Aug 30 2023 15:15:00 GMT+0530 (India Standard Time)","14.65","15.5","13.9","15.35","346275","493470",
"Thu Aug 31 2023 09:15:00 GMT+0530 (India Standard Time)","15.05","15.85","10.85","13.75","389896","535860",
"Thu Aug 31 2023 09:30:00 GMT+0530 (India Standard Time)","13.85","15.45","12.85","15.35","265980","545595",
"Thu Aug 31 2023 09:45:00 GMT+0530 (India Standard Time)","15.55","15.6","13.35","13.55","120900","573525",
"Thu Aug 31 2023 10:00:00 GMT+0530 (India Standard Time)","13.4","13.85","12.75","13.35","164490","575895",
"Thu Aug 31 2023 10:15:00 GMT+0530 (India Standard Time)","13.4","14.1","13.3","13.7","163755","609990",
"Thu Aug 31 2023 10:30:00 GMT+0530 (India Standard Time)","13.65","15.1","13.65","14.95","172080","623385",
"Thu Aug 31 2023 10:45:00 GMT+0530 (India Standard Time)","15.1","15.9","14.9","15.35","145800","647340",
"Thu Aug 31 2023 11:00:00 GMT+0530 (India Standard Time)","15.45","15.6","14.5","14.65","81465","656040",
"Thu Aug 31 2023 11:15:00 GMT+0530 (India Standard Time)","14.65","15.5","14.6","15.1","99945","672300",
"Thu Aug 31 2023 11:30:00 GMT+0530 (India Standard Time)","15.1","15.25","14.35","14.6","60780","692490",
"Thu Aug 31 2023 11:45:00 GMT+0530 (India Standard Time)","14.6","14.9","13.95","14.75","121500","716670",
"Thu Aug 31 2023 12:00:00 GMT+0530 (India Standard Time)","14.85","14.95","14.25","14.5","108045","739335",
"Thu Aug 31 2023 12:15:00 GMT+0530 (India Standard Time)","14.35","16","13.9","14.4","189375","814425",
"Thu Aug 31 2023 12:30:00 GMT+0530 (India Standard Time)","14.3","14.35","13.65","14","67875","816240",
"Thu Aug 31 2023 12:45:00 GMT+0530 (India Standard Time)","13.9","14.1","12.95","13","83520","830175",
"Thu Aug 31 2023 13:00:00 GMT+0530 (India Standard Time)","12.9","13.4","12.65","13.1","122145","856320",
"Thu Aug 31 2023 13:15:00 GMT+0530 (India Standard Time)","13","13.3","11.9","12.1","112800","867690",
"Thu Aug 31 2023 13:30:00 GMT+0530 (India Standard Time)","12.2","12.4","10.45","10.5","200730","856230",
"Thu Aug 31 2023 13:45:00 GMT+0530 (India Standard Time)","10.65","11.45","10.2","10.5","126240","858855",
"Thu Aug 31 2023 14:00:00 GMT+0530 (India Standard Time)","10.55","10.95","10.05","10.95","86400","870720",
"Thu Aug 31 2023 14:15:00 GMT+0530 (India Standard Time)","11","11","10","10.25","239685","964065",
"Thu Aug 31 2023 14:30:00 GMT+0530 (India Standard Time)","10.3","10.75","9.65","10","239100","1048155",
"Thu Aug 31 2023 14:45:00 GMT+0530 (India Standard Time)","10","10.05","8.8","8.95","619395","1240560",
"Thu Aug 31 2023 15:00:00 GMT+0530 (India Standard Time)","9","10","8.45","8.8","1044735","1611450",
"Thu Aug 31 2023 15:15:00 GMT+0530 (India Standard Time)","8.85","9.25","7.75","8.5","1077255","1719825",
"Fri Sep 01 2023 09:15:00 GMT+0530 (India Standard Time)","8.85","8.85","6.05","6.15","1973433","2123355",
"Fri Sep 01 2023 09:30:00 GMT+0530 (India Standard Time)","8.85","8.85","5.85","6.15","4875755","2211990",
"Fri Sep 01 2023 09:45:00 GMT+0530 (India Standard Time)","6.15","6.35","6","6.2","1393095","2338875",
"Fri Sep 01 2023 10:00:00 GMT+0530 (India Standard Time)","6.2","6.35","5.95","6.3","1129995","2390565",
"Fri Sep 01 2023 10:15:00 GMT+0530 (India Standard Time)","6.3","6.6","5.65","6.25","777120","2412510",
"Fri Sep 01 2023 10:30:00 GMT+0530 (India Standard Time)","6.3","6.3","5.75","5.85","669765","2473140",
"Fri Sep 01 2023 10:45:00 GMT+0530 (India Standard Time)","5.8","6.05","5.75","5.85","406590","2512080",
"Fri Sep 01 2023 11:00:00 GMT+0530 (India Standard Time)","5.85","6.55","5.45","5.55","1292190","2502315",
"Fri Sep 01 2023 11:15:00 GMT+0530 (India Standard Time)","5.55","6.2","5.55","5.8","668355","2477085",
"Fri Sep 01 2023 11:30:00 GMT+0530 (India Standard Time)","5.85","5.9","5.35","5.6","616785","2500170",
"Fri Sep 01 2023 11:45:00 GMT+0530 (India Standard Time)","5.6","5.85","5.45","5.55","872700","2480805",
"Fri Sep 01 2023 12:00:00 GMT+0530 (India Standard Time)","5.6","5.9","5.55","5.8","492840","2499675",
"Fri Sep 01 2023 12:15:00 GMT+0530 (India Standard Time)","5.8","5.85","5.5","5.7","292815","2515290",
"Fri Sep 01 2023 12:30:00 GMT+0530 (India Standard Time)","5.7","6.25","5.55","5.9","580695","2551620",
"Fri Sep 01 2023 12:45:00 GMT+0530 (India Standard Time)","5.9","6.55","5.75","6.05","838755","2572365",
"Fri Sep 01 2023 13:00:00 GMT+0530 (India Standard Time)","6.05","6.3","5.6","5.95","999060","2617215",
"Fri Sep 01 2023 13:15:00 GMT+0530 (India Standard Time)","6","6.35","5.75","5.9","556110","2648025",
"Fri Sep 01 2023 13:30:00 GMT+0530 (India Standard Time)","5.85","6.05","5.7","5.75","390105","2674920",
"Fri Sep 01 2023 13:45:00 GMT+0530 (India Standard Time)","5.8","6.05","5.6","5.95","616935","2651310",
"Fri Sep 01 2023 14:00:00 GMT+0530 (India Standard Time)","6","7.35","5.95","6.75","1661055","2485380",
"Fri Sep 01 2023 14:15:00 GMT+0530 (India Standard Time)","6.8","6.95","5.8","6.35","1060455","2556180",
"Fri Sep 01 2023 14:30:00 GMT+0530 (India Standard Time)","6.35","6.75","6.15","6.15","578430","2551950",
"Fri Sep 01 2023 14:45:00 GMT+0530 (India Standard Time)","6.15","6.2","5.5","5.9","618030","2512050",
"Fri Sep 01 2023 15:00:00 GMT+0530 (India Standard Time)","5.95","6","5.4","5.75","1144965","2530950",
"Fri Sep 01 2023 15:15:00 GMT+0530 (India Standard Time)","5.7","5.95","5.3","5.6","1672500","2565240",
